current_time,mode,inferred_truth,fail_counter,consolidated_result
2025-06-08 07:36:52.475856613+00:00,dior,28.258967893996353,0,False
2025-06-08 07:37:27.911020613+00:00,dior,28.199248611189567,0,False
2025-06-08 07:43:50.532397613+00:00,dior,28.45127257774202,0,False
2025-06-08 07:44:18.233254613+00:00,dior,28.479597981671045,0,False
2025-06-08 08:23:57.459932613+00:00,dior,28.84993271439658,0,False
2025-06-08 08:32:31.982521613+00:00,dior,29.174447467827527,0,False
2025-06-08 08:53:59.474040613+00:00,dior,29.44753683561526,0,False
2025-06-08 09:12:20.944880613+00:00,dior,29.520289890715834,0,False
2025-06-08 09:12:36.696048613+00:00,dior,29.601555347960556,0,False
2025-06-08 09:46:55.385063613+00:00,dior,29.881652204085153,0,False
2025-06-08 10:03:08.670140613+00:00,dior,30.007179003460564,0,False
2025-06-08 10:03:13.376733613+00:00,dior,30.045326051935476,0,False
2025-06-08 10:32:50.685802613+00:00,dior,30.41935938995172,0,False
2025-06-08 10:35:24.592487613+00:00,dior,30.55487373801941,0,False
2025-06-08 10:40:25.347146613+00:00,dior,30.496321361730036,0,False
2025-06-08 10:59:54.577884613+00:00,dior,30.672026577656567,0,False
2025-06-08 11:11:00.623795613+00:00,dior,30.837724449177323,0,False
2025-06-08 11:14:03.260522613+00:00,dior,31.02869359255036,0,False
2025-06-08 11:20:08.180318613+00:00,dior,31.05498362741456,0,False
2025-06-08 11:30:23.434768613+00:00,dior,31.117676451148,0,False
2025-06-08 11:39:25.421566613+00:00,dior,31.179691039979307,0,False
2025-06-08 11:42:39.985140613+00:00,dior,30.986060867988833,0,False
2025-06-08 11:59:43.147324613+00:00,dior,30.857699009179704,0,False
2025-06-08 12:32:27.768045613+00:00,dior,30.749673707363144,0,False
2025-06-08 12:35:01.903498613+00:00,dior,30.918186825052647,0,False
2025-06-08 12:43:46.988774613+00:00,dior,30.91204291694245,0,False
2025-06-08 12:47:22.564715613+00:00,dior,30.980358859513302,0,False
2025-06-08 13:01:06.713620613+00:00,dior,31.145591433923627,0,False
2025-06-08 13:25:17.823097613+00:00,dior,30.987980343387335,0,False
2025-06-08 13:47:22.120066613+00:00,dior,31.155024533349465,0,False
2025-06-08 13:57:15.509043613+00:00,dior,31.015670762513466,0,False
2025-06-08 14:00:38.622347613+00:00,dior,31.128726646725305,0,False
2025-06-08 14:31:55.861403613+00:00,dior,31.03818807929659,0,False
2025-06-08 15:16:05.528125613+00:00,dior,30.949635732214826,0,False
2025-06-08 15:24:09.590733613+00:00,dior,30.656389300053824,0,False
2025-06-08 15:30:49.289486613+00:00,dior,30.579505311720155,0,False
2025-06-08 15:33:28.889528613+00:00,dior,30.409786538623415,0,False
2025-06-08 15:38:09.225331613+00:00,dior,30.23792897219245,0,False
2025-06-08 15:50:30.986438613+00:00,dior,30.100380635856347,0,False
2025-06-08 16:52:46.173101613+00:00,dior,28.973419099398857,0,False
2025-06-08 18:28:50.988723613+00:00,dior,25.559509039659144,0,False
2025-06-08 18:36:18.078940613+00:00,dior,25.301739637999194,0,False
2025-06-08 18:44:12.505038613+00:00,dior,25.15814215942985,0,False
2025-06-08 19:05:20.006831613+00:00,dior,24.20536423867502,0,False
2025-06-08 19:37:59.435969613+00:00,dior,23.557838863677578,0,False
2025-06-08 19:40:14.671076613+00:00,dior,23.621272599331725,0,False
2025-06-08 19:56:33.801816613+00:00,dior,23.30815248978789,0,False
2025-06-08 19:57:44.115563613+00:00,dior,23.220666702223934,0,False
2025-06-08 20:05:02.843175613+00:00,dior,23.161157920362427,0,False
2025-06-08 20:07:21.233082613+00:00,dior,23.155062932144748,0,False
2025-06-08 20:10:11.214916613+00:00,dior,22.996938230618788,0,False
2025-06-08 20:50:38.201168613+00:00,dior,22.004644154961355,0,False
2025-06-08 21:09:23.236083613+00:00,dior,21.461240456686454,0,False
2025-06-08 21:11:59.282736613+00:00,dior,21.448445311528737,0,False
2025-06-08 21:15:22.923604613+00:00,dior,21.262180196997267,0,False
2025-06-08 21:32:33.947201613+00:00,dior,20.824190850856503,0,False
2025-06-08 21:42:52.786062613+00:00,dior,20.70983629819518,0,False
2025-06-08 21:43:01.834535613+00:00,dior,20.64910711470787,0,False
2025-06-08 21:55:28.650507613+00:00,dior,17.88783295676117,0,False
2025-06-08 21:58:41.601060613+00:00,dior,20.354766096388488,0,False
2025-06-08 21:59:55.120323613+00:00,dior,20.238653428945817,0,False
2025-06-08 22:13:37.555120613+00:00,dior,19.95385054447597,0,False
2025-06-08 22:46:37.386651613+00:00,dior,19.166320293423944,0,False
2025-06-08 22:47:55.728778613+00:00,dior,19.188280255164113,0,False
2025-06-08 23:14:02.224129613+00:00,dior,18.492790206497794,0,False
2025-06-08 23:24:00.633179613+00:00,dior,18.444041322677975,0,False
2025-06-08 23:52:53.471605613+00:00,dior,17.959891315081666,0,False
2025-06-09 00:25:43.961232613+00:00,dior,17.90214698280863,0,False
2025-06-09 01:08:19.018061613+00:00,dior,17.49317762993211,0,False
2025-06-09 01:12:02.013306613+00:00,dior,17.453123255316733,0,False
2025-06-09 01:28:25.542599613+00:00,dior,17.438509526068522,0,False
2025-06-09 01:30:52.640727613+00:00,dior,17.344903738138907,0,False
2025-06-09 01:54:40.337352613+00:00,dior,17.368021948368703,0,False
2025-06-09 02:26:55.158449613+00:00,dior,17.003795890940008,0,False
2025-06-09 02:43:34.754634613+00:00,dior,16.87394705329925,0,False
2025-06-09 02:50:19.353823613+00:00,dior,16.617618181995365,0,False
2025-06-09 03:10:13.832096613+00:00,dior,16.496414342531498,0,False
2025-06-09 03:12:49.188976613+00:00,dior,16.45746074414593,0,False
2025-06-09 03:13:39.676989613+00:00,dior,16.418842735468168,0,False
2025-06-09 03:21:33.881891613+00:00,dior,16.691942824270168,0,False
2025-06-09 03:31:26.101911613+00:00,dior,16.722700332050792,0,False
2025-06-09 03:32:39.406871613+00:00,dior,16.706755791364767,0,False
2025-06-09 03:39:26.183829613+00:00,dior,16.576002336441476,0,False
2025-06-09 04:21:35.542698613+00:00,dior,17.26579497056768,0,False
2025-06-09 05:03:05.323915613+00:00,dior,19.294996621900005,0,False
2025-06-09 05:07:57.397143613+00:00,dior,19.698630003436776,0,False
2025-06-09 05:33:54.609064613+00:00,dior,21.180771334984414,0,False
2025-06-09 05:38:25.589417613+00:00,dior,21.6333508103319,0,False
2025-06-09 05:51:57.152076613+00:00,dior,22.215224079815336,0,False
2025-06-09 05:53:59.445181613+00:00,dior,22.317018413251883,0,False
2025-06-09 05:55:03.262275613+00:00,dior,22.455872658863917,0,False
2025-06-09 05:56:16.677122613+00:00,dior,22.405942260856417,0,False
2025-06-09 06:30:36.387355613+00:00,dior,23.67610526829401,0,False
2025-06-09 06:47:59.212119613+00:00,dior,24.13680473153742,0,False
2025-06-09 07:03:15.852233613+00:00,dior,24.45007913868202,0,False
2025-06-09 07:08:34.439711613+00:00,dior,24.677458913741006,0,False
2025-06-09 07:13:17.444588613+00:00,dior,24.676529209571484,0,False
2025-06-09 07:20:05.562387613+00:00,dior,24.77957404514841,0,False
2025-06-09 07:22:12.813433613+00:00,dior,24.73483910360587,0,False
2025-06-09 08:13:44.208642613+00:00,dior,25.974442591361022,0,False
2025-06-09 08:18:48.479314613+00:00,dior,26.20710953281614,0,False
2025-06-09 09:01:38.229912613+00:00,dior,27.371170175536804,0,False
2025-06-09 09:30:42.318857613+00:00,dior,27.317303087696104,0,False
2025-06-09 09:35:46.519196613+00:00,dior,27.34840549102644,0,False
2025-06-09 09:36:31.232791613+00:00,dior,27.35375867118838,0,False
2025-06-09 10:00:10.607508613+00:00,dior,27.571898778838015,0,False
2025-06-09 10:08:26.782571613+00:00,dior,27.595293283654552,0,False
2025-06-09 10:13:18.866316613+00:00,dior,27.487892144893582,0,False
2025-06-09 10:29:16.050202613+00:00,dior,27.523453801849776,0,False
2025-06-09 10:46:47.745843613+00:00,dior,27.319200209251164,0,False
2025-06-09 10:56:04.999377613+00:00,dior,27.40150727883468,0,False
2025-06-09 11:55:12.940638613+00:00,dior,27.477003816905555,0,False
2025-06-09 11:56:16.918852613+00:00,dior,27.35820787178445,0,False
2025-06-09 11:57:28.802500613+00:00,dior,27.257282442113265,0,False
2025-06-09 13:15:35.958411613+00:00,dior,27.598320577838766,0,False
2025-06-09 13:18:21.846878613+00:00,dior,27.717633624090862,0,False
2025-06-09 13:32:40.684268613+00:00,dior,27.71392371730573,0,False
2025-06-09 13:53:29.541026613+00:00,dior,27.82736439088592,0,False
2025-06-09 14:00:54.164880613+00:00,dior,27.809104045725658,0,False
2025-06-09 14:03:45.531315613+00:00,dior,27.67816415817674,0,False
2025-06-09 14:20:43.682306613+00:00,dior,27.850587049889526,0,False
2025-06-09 14:24:59.575129613+00:00,dior,27.883302259536897,0,False
2025-06-09 14:27:57.784185613+00:00,dior,27.968095448876497,0,False
2025-06-09 14:57:34.763888613+00:00,dior,27.652251744752352,0,False
2025-06-09 15:04:50.955867613+00:00,dior,27.736196506192698,0,False
2025-06-09 15:56:44.074858613+00:00,dior,23.703375767888478,0,False
2025-06-09 16:00:57.392271613+00:00,dior,23.650055074557343,0,False
2025-06-09 16:19:50.249477613+00:00,dior,26.826706045723856,0,False
2025-06-09 17:00:38.166885613+00:00,dior,25.919163287841688,0,False
2025-06-09 17:19:53.426794613+00:00,dior,25.685317574312744,0,False
2025-06-09 17:41:40.592842613+00:00,dior,25.074279886169418,0,False
2025-06-09 18:05:15.924266613+00:00,dior,24.380071603244787,0,False
2025-06-09 18:10:07.250694613+00:00,dior,24.018470211962743,0,False
2025-06-09 18:12:00.446371613+00:00,dior,23.93943105786762,0,False
2025-06-09 18:28:42.660900613+00:00,dior,23.208912036040182,0,False
2025-06-09 18:43:26.526491613+00:00,dior,22.588031835230197,0,False
2025-06-09 18:54:53.813355613+00:00,dior,21.944198106499158,0,False
2025-06-09 19:49:35.765473613+00:00,dior,19.819358303653086,0,False
2025-06-09 19:57:45.191034613+00:00,dior,19.690303468809546,0,False
2025-06-09 19:58:35.689513613+00:00,dior,19.59319102460972,0,False
2025-06-09 20:13:48.115573613+00:00,dior,19.28923119373859,0,False
2025-06-09 20:45:01.443619613+00:00,dior,18.67420044684099,0,False
2025-06-09 20:58:39.063610613+00:00,dior,16.160925649127247,0,False
2025-06-09 20:59:14.823393613+00:00,dior,16.17906613929695,0,False
2025-06-09 21:23:03.490304613+00:00,dior,17.971028401329725,0,False
2025-06-09 21:43:42.411607613+00:00,dior,17.820928056897543,0,False
2025-06-09 22:38:40.258290613+00:00,dior,16.530984666614728,0,False
2025-06-09 22:43:03.837404613+00:00,dior,16.472299247492707,0,False
2025-06-09 22:44:28.893115613+00:00,dior,16.45951151016122,0,False
2025-06-09 22:45:29.432844613+00:00,dior,16.430370147180817,0,False
2025-06-09 23:03:28.056339613+00:00,dior,14.294480466269915,0,False
2025-06-09 23:16:55.400299613+00:00,dior,16.156317952220785,0,False
2025-06-09 23:47:22.216045613+00:00,dior,15.77613869814722,0,False
2025-06-10 00:03:46.100751613+00:00,dior,15.689397112740554,0,False
2025-06-10 00:36:34.027616613+00:00,dior,15.346178991803802,0,False
2025-06-10 00:54:20.410169613+00:00,dior,15.352478075965605,0,False
2025-06-10 01:02:56.198873613+00:00,dior,15.133753217352758,0,False
2025-06-10 01:20:54.966431613+00:00,dior,15.050608160371382,0,False
2025-06-10 02:24:23.800972613+00:00,dior,14.650572024329403,0,False
2025-06-10 02:41:33.624031613+00:00,dior,14.56908752524789,0,False
2025-06-10 03:03:29.971564613+00:00,dior,14.66396631780877,0,False
2025-06-10 03:18:45.657968613+00:00,dior,14.591955532891026,0,False
2025-06-10 03:21:16.653050613+00:00,dior,14.563529075246239,0,False
2025-06-10 03:24:30.193486613+00:00,dior,14.578700953007484,0,False
2025-06-10 03:45:29.954643613+00:00,dior,14.566688878766481,0,False
2025-06-10 03:57:35.978445613+00:00,dior,14.575400083483197,0,False
2025-06-10 04:04:47.861096613+00:00,dior,14.750704764134532,0,False
2025-06-10 04:10:57.060853613+00:00,dior,14.89450160995002,0,False
2025-06-10 04:37:43.957864613+00:00,dior,16.1225992747207,0,False
2025-06-10 05:20:35.437918613+00:00,dior,18.363886886968295,0,False
2025-06-10 05:30:41.946467613+00:00,dior,18.99180312370938,0,False
2025-06-10 06:07:05.328716613+00:00,dior,20.330579730254474,0,False
2025-06-10 06:38:30.298812613+00:00,dior,21.59558864571844,0,False
2025-06-10 06:48:38.601652613+00:00,dior,22.00033944928372,0,False
2025-06-10 07:00:57.928122613+00:00,dior,22.33664402375989,0,False
2025-06-10 07:12:46.054512613+00:00,dior,22.769658943531955,0,False
2025-06-10 07:25:50.141815613+00:00,dior,23.397264429295276,0,False
2025-06-10 07:48:35.091972613+00:00,dior,24.19244413951806,0,False
2025-06-10 07:56:07.963813613+00:00,dior,24.426117375280494,0,False
2025-06-10 08:15:18.567787613+00:00,dior,24.84586159551426,0,False
2025-06-10 08:57:06.956945613+00:00,dior,26.325895558078344,0,False
2025-06-10 09:02:40.427400613+00:00,dior,26.281056062579676,0,False
2025-06-10 09:03:22.191109613+00:00,dior,26.31077023092017,0,False
2025-06-10 09:56:18.899684613+00:00,dior,26.922226129225677,0,False
2025-06-10 10:00:32.861700613+00:00,dior,27.047993942298543,0,False
2025-06-10 10:37:57.382756613+00:00,dior,27.648450547132946,0,False
2025-06-10 10:52:16.688163613+00:00,dior,27.89003181525738,0,False
2025-06-10 11:02:41.305085613+00:00,dior,28.12783760421738,0,False
2025-06-10 11:09:30.562950613+00:00,dior,28.32548846514808,0,False
2025-06-10 11:19:08.427514613+00:00,dior,28.60631105975021,0,False
2025-06-10 11:37:30.976111613+00:00,dior,29.275518150041805,0,False
2025-06-10 11:38:26.280562613+00:00,dior,29.38465340341983,0,False
2025-06-10 11:39:28.329948613+00:00,dior,29.175318825292678,0,False
2025-06-10 11:49:53.255167613+00:00,dior,28.89714419432617,0,False
2025-06-10 12:00:55.391902613+00:00,dior,28.989958041296788,0,False
2025-06-10 12:03:35.023387613+00:00,dior,29.289403782923966,0,False
2025-06-10 12:21:19.835223613+00:00,dior,29.25032702952461,0,False
2025-06-10 12:48:50.822915613+00:00,dior,29.871336054806424,0,False
2025-06-10 14:03:29.498480613+00:00,dior,30.68458458015359,0,False
2025-06-10 14:08:38.319878613+00:00,dior,30.635015579224664,0,False
2025-06-10 14:21:57.526697613+00:00,dior,30.644858591589454,0,False
2025-06-10 14:21:59.198268613+00:00,dior,30.56272875477041,0,False
2025-06-10 14:39:44.438094613+00:00,dior,30.89164744981682,0,False
2025-06-10 14:41:03.301975613+00:00,dior,30.883919749853845,0,False
2025-06-10 15:24:08.740968613+00:00,dior,30.78782897277721,0,False
2025-06-10 15:29:24.238892613+00:00,dior,30.68977366304631,0,False
2025-06-10 15:40:00.504022613+00:00,dior,30.774885204587648,0,False
2025-06-10 15:54:21.560410613+00:00,dior,30.847548183980116,0,False
2025-06-10 16:18:32.503440613+00:00,dior,30.52329277810915,0,False
2025-06-10 16:49:29.354653613+00:00,dior,30.003488359210756,0,False
2025-06-10 17:05:04.576994613+00:00,dior,29.877363978657723,0,False
2025-06-10 17:41:19.029903613+00:00,dior,28.448537606262665,0,False
2025-06-10 17:48:39.621446613+00:00,dior,28.143248872156587,0,False
2025-06-10 18:00:02.426598613+00:00,dior,27.585316621466013,0,False
2025-06-10 18:02:28.646192613+00:00,dior,27.202246120457986,0,False
2025-06-10 18:21:44.614639613+00:00,dior,25.602939712949038,0,False
2025-06-10 18:40:40.607245613+00:00,dior,24.746420142993507,0,False
2025-06-10 19:06:00.958462613+00:00,dior,23.893772130303038,0,False
2025-06-10 19:07:03.183321613+00:00,dior,23.686495533255865,0,False
2025-06-10 19:12:16.181558613+00:00,dior,23.51307037325896,0,False
2025-06-10 19:37:45.525225613+00:00,dior,22.704916025605296,0,False
2025-06-10 19:46:49.374944613+00:00,dior,22.578238240625314,0,False
2025-06-10 19:52:36.303740613+00:00,dior,22.37226140288062,0,False
2025-06-10 20:02:50.444233613+00:00,dior,22.011214502105545,0,False
2025-06-10 20:03:57.342023613+00:00,dior,22.101810915274474,0,False
2025-06-10 20:04:17.733695613+00:00,dior,22.004406176689834,0,False
2025-06-10 20:36:23.269717613+00:00,dior,21.261655641450854,0,False
2025-06-10 20:45:14.135291613+00:00,dior,21.056716956671814,0,False
2025-06-10 20:50:37.035942613+00:00,dior,21.106623812352318,0,False
2025-06-10 21:03:46.970919613+00:00,dior,20.85008700714723,0,False
2025-06-10 21:20:46.024833613+00:00,dior,20.322614176401952,0,False
2025-06-10 21:37:34.907626613+00:00,dior,20.001664523070378,0,False
2025-06-10 21:46:24.121385613+00:00,dior,19.79721509192868,0,False
2025-06-10 22:05:54.760198613+00:00,dior,19.47346047746572,0,False
2025-06-10 22:37:55.443111613+00:00,dior,19.100411497254825,0,False
2025-06-10 22:59:09.368863613+00:00,dior,18.98045824015319,0,False
2025-06-10 23:05:12.723642613+00:00,dior,18.856610201045648,0,False
2025-06-10 23:08:30.257094613+00:00,dior,18.78886008096479,0,False
2025-06-10 23:20:46.150895613+00:00,dior,18.64355277350284,0,False
2025-06-10 23:36:16.680250613+00:00,dior,18.545880520582006,0,False
2025-06-10 23:37:32.245114613+00:00,dior,18.626654846407448,0,False
2025-06-11 00:01:47.038491613+00:00,dior,18.406764730929872,0,False
2025-06-11 00:03:56.040339613+00:00,dior,18.360469799313048,0,False
2025-06-11 00:11:11.520955613+00:00,dior,18.423863290657085,0,False
2025-06-11 00:11:54.138475613+00:00,dior,18.42216688795929,0,False
2025-06-11 00:50:41.363077613+00:00,dior,18.0629426634619,0,False
2025-06-11 00:50:57.876356613+00:00,dior,18.178526145084884,0,False
2025-06-11 01:10:21.998194613+00:00,dior,18.019584851276427,0,False
2025-06-11 01:41:09.448579613+00:00,dior,17.794508059035802,0,False
2025-06-11 02:05:34.575936613+00:00,dior,17.63150059346808,0,False
2025-06-11 02:35:45.853648613+00:00,dior,17.3424714424132,0,False
2025-06-11 02:47:34.008093613+00:00,dior,15.031376243141063,0,False
2025-06-11 02:56:22.153982613+00:00,dior,17.051889127014814,0,False
2025-06-11 03:30:02.310559613+00:00,dior,16.791553739739122,0,False
2025-06-11 03:43:36.837370613+00:00,dior,16.737998625532324,0,False
2025-06-11 04:03:16.571424613+00:00,dior,17.080816152407273,0,False
2025-06-11 04:16:42.572428613+00:00,dior,17.57899033106564,0,False
2025-06-11 04:17:28.412915613+00:00,dior,17.553624812327143,0,False
2025-06-11 04:21:02.644491613+00:00,dior,17.736793298225972,0,False
2025-06-11 04:32:16.958488613+00:00,dior,18.52416093778569,0,False
2025-06-11 04:35:29.129354613+00:00,dior,18.523148198694674,0,False
2025-06-11 04:43:40.333831613+00:00,dior,19.11544734611898,0,False
2025-06-11 04:48:55.215183613+00:00,dior,19.595128219226364,0,False
2025-06-11 05:00:37.756033613+00:00,dior,20.18768773195845,0,False
2025-06-11 05:16:26.970636613+00:00,dior,21.097284575056307,0,False
2025-06-11 05:16:45.439566613+00:00,dior,21.11379753245648,0,False
2025-06-11 06:03:26.869331613+00:00,dior,24.218400399839403,0,False
2025-06-11 06:26:48.626563613+00:00,dior,22.560133294404437,0,False
2025-06-11 06:28:07.274468613+00:00,dior,22.61603430100682,0,False
2025-06-11 06:31:46.309032613+00:00,dior,25.88881905781998,0,False
2025-06-11 06:35:14.615637613+00:00,dior,26.00247358097351,0,False
2025-06-11 06:53:48.349968613+00:00,dior,27.264309454754482,0,False
2025-06-11 06:58:23.012476613+00:00,dior,27.37699027077337,0,False
2025-06-11 07:02:25.032484613+00:00,dior,27.75281310101293,0,False
2025-06-11 07:08:57.088146613+00:00,dior,27.951266516396082,0,False
2025-06-11 07:21:05.840529613+00:00,dior,28.069865818837865,0,False
2025-06-11 08:08:48.607861613+00:00,dior,29.401476201419978,0,False
2025-06-11 08:15:30.870373613+00:00,dior,29.57279216764923,0,False
2025-06-11 08:22:53.182272613+00:00,dior,29.57399036283038,0,False
2025-06-11 09:27:57.031275613+00:00,dior,30.68670214942557,0,False
2025-06-11 10:15:06.878064613+00:00,dior,31.126029860828165,0,False
2025-06-11 10:29:50.391719613+00:00,dior,31.420148219142703,0,False
2025-06-11 10:32:50.351112613+00:00,dior,31.58058667313947,0,False
2025-06-11 10:36:57.058037613+00:00,dior,31.497313636470277,0,False
2025-06-11 10:40:22.271444613+00:00,dior,31.61254795351691,0,False
2025-06-11 10:55:46.532940613+00:00,dior,31.542409024448354,0,False
2025-06-11 11:10:21.828807613+00:00,dior,31.66158349733052,0,False
2025-06-11 11:22:07.210528613+00:00,dior,31.903573363594475,0,False
2025-06-11 11:28:17.187841613+00:00,dior,32.022919464889426,0,False
2025-06-11 11:47:15.020914613+00:00,dior,31.986681729478402,0,False
2025-06-11 11:48:03.188636613+00:00,dior,32.00116079801666,0,False
2025-06-11 12:08:55.929935613+00:00,dior,32.40290721087462,0,False
2025-06-11 12:11:34.301424613+00:00,dior,32.26705639951849,0,False
2025-06-11 12:24:56.340409613+00:00,dior,32.46043934570465,0,False
2025-06-11 12:30:35.913329613+00:00,dior,32.23316101704659,0,False
2025-06-11 13:13:04.933886613+00:00,dior,32.72550508446989,0,False
2025-06-11 13:25:00.858421613+00:00,dior,32.900546532319154,0,False
2025-06-11 13:37:04.664236613+00:00,dior,33.15316193016731,0,False
2025-06-11 14:17:17.898751613+00:00,dior,33.28372917566742,0,False
2025-06-11 14:39:42.019919613+00:00,dior,32.84665312448528,0,False
2025-06-11 15:32:08.667683613+00:00,dior,32.449876315434,0,False
2025-06-11 15:42:07.450998613+00:00,dior,32.24876964240032,0,False
2025-06-11 16:08:02.263520613+00:00,dior,31.443631523614545,0,False
2025-06-11 16:09:36.932799613+00:00,dior,31.41406600204543,0,False
2025-06-11 16:21:54.038602613+00:00,dior,30.946717505426207,0,False
2025-06-11 16:45:14.894851613+00:00,dior,30.429700078721602,0,False
2025-06-11 16:45:36.322674613+00:00,dior,30.2332656394488,0,False
2025-06-11 16:57:13.027829613+00:00,dior,30.03469516778004,0,False
2025-06-11 17:06:20.297306613+00:00,dior,29.74450918517374,0,False
2025-06-11 17:15:21.042496613+00:00,dior,29.47817415078829,0,False
2025-06-11 18:41:27.644360613+00:00,dior,26.00154197970681,0,False
2025-06-11 19:14:27.686574613+00:00,dior,24.353366162531586,0,False
2025-06-11 19:23:43.070590613+00:00,dior,23.945910500180904,0,False
2025-06-11 19:26:37.329381613+00:00,dior,23.70833498370046,0,False
2025-06-11 19:52:07.976510613+00:00,dior,22.983080620060004,0,False
2025-06-11 20:51:17.401435613+00:00,dior,21.990632399958784,0,False
2025-06-11 21:00:47.570208613+00:00,dior,21.776793292671787,0,False
2025-06-11 21:01:31.342556613+00:00,dior,21.728865082283757,0,False
2025-06-11 21:10:06.217678613+00:00,dior,21.693640859601967,0,False
2025-06-11 21:11:01.589010613+00:00,dior,21.614071473579166,0,False
2025-06-11 21:25:53.570966613+00:00,dior,21.18584784274834,0,False
2025-06-11 21:30:33.441144613+00:00,dior,21.08487909030294,0,False
2025-06-11 21:35:57.395916613+00:00,dior,21.014982495246866,0,False
2025-06-11 22:05:06.996823613+00:00,dior,20.567912492696678,0,False
2025-06-11 22:07:56.098881613+00:00,dior,20.493604385184373,0,False
2025-06-11 22:27:41.143956613+00:00,dior,20.14110030256951,0,False
2025-06-11 22:54:39.032960613+00:00,dior,19.763998531029973,0,False
2025-06-11 23:00:35.322213613+00:00,dior,19.802361843005862,0,False
2025-06-11 23:52:32.670456613+00:00,dior,18.906967424997454,0,False
2025-06-11 23:58:44.020565613+00:00,dior,18.987420647958277,0,False
2025-06-12 00:08:41.292272613+00:00,dior,18.946124901773743,0,False
2025-06-12 00:17:57.439897613+00:00,dior,19.05902992975482,0,False
2025-06-12 00:21:32.098524613+00:00,dior,19.000661171237173,0,False
2025-06-12 00:23:13.310377613+00:00,dior,19.056463557199724,0,False
2025-06-12 01:12:32.908278613+00:00,dior,18.52875027928643,0,False
2025-06-12 01:29:06.575682613+00:00,dior,18.24109445614782,0,False
2025-06-12 01:42:43.870347613+00:00,dior,18.030413226446086,0,False
2025-06-12 01:44:57.160044613+00:00,dior,18.138442639322488,0,False
2025-06-12 01:56:21.512336613+00:00,dior,15.808863240599191,0,False
2025-06-12 01:58:03.378702613+00:00,dior,15.73037366885334,0,False
2025-06-12 02:02:26.902425613+00:00,dior,18.089194436754383,0,False
2025-06-12 02:55:42.968888613+00:00,dior,17.34753837074106,0,False
2025-06-12 03:08:26.153651613+00:00,dior,17.022758574162605,0,False
2025-06-12 03:43:46.871819613+00:00,dior,16.678285086980544,0,False
2025-06-12 04:12:15.878716613+00:00,dior,16.939576824029764,0,False
2025-06-12 04:12:54.828890613+00:00,dior,16.981757984738277,0,False
2025-06-12 04:13:35.397940613+00:00,dior,17.02259426565528,0,False
2025-06-12 04:14:26.528392613+00:00,dior,16.960844321492182,0,False
2025-06-12 04:17:34.359082613+00:00,dior,17.036652921068715,0,False
2025-06-12 04:42:06.957466613+00:00,dior,18.383046818662677,0,False
2025-06-12 04:59:58.773514613+00:00,dior,19.670425500177302,0,False
2025-06-12 05:10:13.785334613+00:00,dior,20.248891972153842,0,False
2025-06-12 05:14:48.544158613+00:00,dior,20.457823244818982,0,False
2025-06-12 05:16:04.323805613+00:00,dior,20.539386268153052,0,False
2025-06-12 05:16:15.447908613+00:00,dior,20.605329613623475,0,False
2025-06-12 05:49:43.775091613+00:00,dior,22.453554830702977,0,False
2025-06-12 06:01:01.673295613+00:00,dior,23.04168820348356,0,False
2025-06-12 06:09:01.545971613+00:00,dior,23.389878069257396,0,False
2025-06-12 06:22:13.803806613+00:00,dior,24.09992085047631,0,False
2025-06-12 06:25:53.089929613+00:00,dior,24.09353829523866,0,False
2025-06-12 06:45:44.462355613+00:00,dior,25.101799674962965,0,False
2025-06-12 06:54:49.251537613+00:00,dior,25.52955436157139,0,False
2025-06-12 07:15:18.635853613+00:00,dior,26.75094623296252,0,False
2025-06-12 07:34:01.034539613+00:00,dior,27.62545405153631,0,False
2025-06-12 07:34:18.469868613+00:00,dior,27.687853741878783,0,False
2025-06-12 08:01:20.618231613+00:00,dior,28.671088345329355,0,False
2025-06-12 08:04:10.957293613+00:00,dior,28.69583552386634,0,False
2025-06-12 08:14:03.954339613+00:00,dior,28.737543264205307,0,False
2025-06-12 08:21:47.940478613+00:00,dior,28.868072873697955,0,False
2025-06-12 08:23:52.495575613+00:00,dior,28.935698993361502,0,False
2025-06-12 09:09:00.950475613+00:00,dior,29.798226686737845,0,False
2025-06-12 10:09:58.424423613+00:00,dior,30.59199828953947,0,False
2025-06-12 10:19:22.486309613+00:00,dior,30.79681372528087,0,False
2025-06-12 10:28:05.130776613+00:00,dior,31.12268856491213,0,False
2025-06-12 11:00:51.566597613+00:00,dior,31.700331803530656,0,False
2025-06-12 11:02:12.961454613+00:00,dior,31.575116735643707,0,False
2025-06-12 11:17:08.562287613+00:00,dior,31.800079371124117,0,False
2025-06-12 11:40:53.685744613+00:00,dior,32.07611981810797,0,False
2025-06-12 11:47:53.629687613+00:00,dior,32.186835395202635,0,False
2025-06-12 11:48:44.607697613+00:00,dior,32.033337584037824,0,False
2025-06-12 11:51:43.662219613+00:00,dior,32.12744434361475,0,False
2025-06-12 13:26:15.516601613+00:00,dior,33.281307467829535,0,False
2025-06-12 13:31:21.996574613+00:00,dior,33.2815806475729,0,False
2025-06-12 13:32:01.656562613+00:00,dior,33.23635545811667,0,False
2025-06-12 13:41:59.226872613+00:00,dior,33.32172204484847,0,False
2025-06-12 14:34:47.199767613+00:00,dior,33.059495868178125,0,False
2025-06-12 14:38:59.796202613+00:00,dior,32.86272664169405,0,False
2025-06-12 15:08:05.940267613+00:00,dior,32.93995954535934,0,False
2025-06-12 15:11:23.284453613+00:00,dior,32.6644573421444,0,False
2025-06-12 15:29:26.353323613+00:00,dior,32.67202003987059,0,False
2025-06-12 15:37:53.494296613+00:00,dior,32.62382520842819,0,False
2025-06-12 15:58:06.073098613+00:00,dior,32.12635632057555,0,False
2025-06-12 17:02:23.387773613+00:00,dior,30.36341170945449,0,False
2025-06-12 17:04:53.045628613+00:00,dior,30.324607532046464,0,False
2025-06-12 17:17:57.761096613+00:00,dior,29.813158581742936,0,False
2025-06-12 17:18:03.546896613+00:00,dior,29.858391199268436,0,False
2025-06-12 17:42:48.323728613+00:00,dior,28.898980165929157,0,False
2025-06-12 17:43:40.683305613+00:00,dior,28.936509588427004,0,False
2025-06-12 17:47:16.895394613+00:00,dior,28.872680958081098,0,False
2025-06-12 17:50:35.366491613+00:00,dior,28.728255576438663,0,False
2025-06-12 17:51:26.514999613+00:00,dior,28.69090853408178,0,False
2025-06-12 17:53:23.007337613+00:00,dior,28.65885625104134,0,False
2025-06-12 17:58:46.295113613+00:00,dior,28.41495895215325,0,False
2025-06-12 18:04:07.914775613+00:00,dior,28.179271660576944,0,False
2025-06-12 18:12:48.403878613+00:00,dior,27.765736021194282,0,False
2025-06-12 18:31:49.867846613+00:00,dior,26.796672621196777,0,False
2025-06-12 18:33:44.000399613+00:00,dior,26.73067488932614,0,False
2025-06-12 18:37:56.705144613+00:00,dior,26.522938563875766,0,False
2025-06-12 18:49:50.735699613+00:00,dior,25.872619382150035,0,False
2025-06-12 18:55:32.264950613+00:00,dior,25.741948393339516,0,False
2025-06-12 19:17:12.226012613+00:00,dior,24.583586620748367,0,False
2025-06-12 19:43:52.454262613+00:00,dior,23.614314851410235,0,False
2025-06-12 19:45:49.900065613+00:00,dior,23.544828583623563,0,False
2025-06-12 19:53:27.648072613+00:00,dior,23.342218598278524,0,False
2025-06-12 19:55:31.740314613+00:00,dior,23.296436934205694,0,False
2025-06-12 19:59:38.963723613+00:00,dior,23.0341676995452,0,False
2025-06-12 20:23:53.449816613+00:00,dior,22.537449579416332,0,False
2025-06-12 20:38:26.728559613+00:00,dior,22.264328188664393,0,False
2025-06-12 20:40:26.507049613+00:00,dior,22.080768259364042,0,False
2025-06-12 21:01:54.838972613+00:00,dior,21.62907426319379,0,False
2025-06-12 21:02:41.860830613+00:00,dior,21.69200613037154,0,False
2025-06-12 21:20:09.403219613+00:00,dior,21.439159162312073,0,False
2025-06-12 21:25:14.870212613+00:00,dior,21.395046415810242,0,False
2025-06-12 21:28:07.374664613+00:00,dior,21.335762870730512,0,False
2025-06-12 21:39:36.917274613+00:00,dior,21.31567926233187,0,False
2025-06-12 21:48:28.142906613+00:00,dior,21.225051860817217,0,False
2025-06-12 22:04:18.303019613+00:00,dior,21.099302708719794,0,False
2025-06-12 22:20:44.493922613+00:00,dior,21.026630430063857,0,False
2025-06-12 22:36:25.220970613+00:00,dior,21.01615043276672,0,False
2025-06-12 22:36:30.234104613+00:00,dior,20.95781042268262,0,False
2025-06-12 23:02:31.308296613+00:00,dior,20.50833840820622,0,False
2025-06-12 23:46:23.088282613+00:00,dior,19.808727314424257,0,False
2025-06-13 00:01:26.986272613+00:00,dior,19.55017727351835,0,False
2025-06-13 00:41:32.688298613+00:00,dior,19.175946831731743,0,False
2025-06-13 00:44:52.518845613+00:00,dior,19.235202573317743,0,False
2025-06-13 00:46:47.442855613+00:00,dior,19.17793816993793,0,False
2025-06-13 00:55:39.607335613+00:00,dior,18.992253165547215,0,False
2025-06-13 01:22:34.821974613+00:00,dior,18.705481331823037,0,False
2025-06-13 01:26:04.431958613+00:00,dior,18.602778252038576,0,False
2025-06-13 01:54:03.709366613+00:00,dior,18.489187367053674,0,False
2025-06-13 02:00:26.794777613+00:00,dior,18.499660213831035,0,False
2025-06-13 02:25:44.719650613+00:00,dior,18.084699259272874,0,False
2025-06-13 02:52:32.274617613+00:00,dior,18.207068604100296,0,False
2025-06-13 02:55:16.437490613+00:00,dior,18.210501700904214,0,False
2025-06-13 03:04:57.244965613+00:00,dior,18.164079131067048,0,False
2025-06-13 03:08:54.656062613+00:00,dior,18.087477918790672,0,False
2025-06-13 03:13:34.927799613+00:00,dior,18.05443548699548,0,False
2025-06-13 03:14:42.856431613+00:00,dior,17.974103220666667,0,False
2025-06-13 03:38:49.096877613+00:00,dior,17.81611849228623,0,False
2025-06-13 03:43:09.324401613+00:00,dior,17.84557655110684,0,False
2025-06-13 03:56:29.574390613+00:00,dior,17.820727228883072,0,False
2025-06-13 04:18:37.506485613+00:00,dior,18.20947693490822,0,False
2025-06-13 04:27:21.568406613+00:00,dior,18.56500688428144,0,False
2025-06-13 04:32:51.997398613+00:00,dior,18.878386504326887,0,False
2025-06-13 04:48:36.322145613+00:00,dior,19.76071308962562,0,False
2025-06-13 05:04:54.879199613+00:00,dior,20.670493003695633,0,False
2025-06-13 05:25:44.309274613+00:00,dior,21.864337070537026,0,False
2025-06-13 05:42:26.670425613+00:00,dior,23.11150651775966,0,False
2025-06-13 05:53:05.398804613+00:00,dior,23.827987128516227,0,False
2025-06-13 06:02:49.304280613+00:00,dior,24.40180492159418,0,False
2025-06-13 06:20:11.561367613+00:00,dior,22.398476394879562,0,False
2025-06-13 06:22:04.881927613+00:00,dior,25.799136965440972,0,False
2025-06-13 06:37:21.624816613+00:00,dior,26.628938537020513,0,False
2025-06-13 06:47:03.846543613+00:00,dior,26.894152267953398,0,False
2025-06-13 06:54:13.683441613+00:00,dior,27.13088144082719,0,False
2025-06-13 07:34:55.832986613+00:00,dior,28.789682774553018,0,False
2025-06-13 07:35:53.617572613+00:00,dior,28.70152988726901,0,False
2025-06-13 07:38:54.946665613+00:00,dior,28.703679736276328,0,False
2025-06-13 07:38:55.619138613+00:00,dior,28.6768579717695,0,False
2025-06-13 07:42:38.844253613+00:00,dior,29.117738424222487,0,False
2025-06-13 09:24:33.794786613+00:00,dior,31.23935743175844,0,False
2025-06-13 10:29:04.033520613+00:00,dior,32.658405489187835,0,False
2025-06-13 10:42:50.965063613+00:00,dior,32.68531816365565,0,False
2025-06-13 10:45:37.089811613+00:00,dior,32.55383918038652,0,False
2025-06-13 10:51:15.815933613+00:00,dior,32.654428907123645,0,False
2025-06-13 10:51:26.526825613+00:00,dior,32.613873184992556,0,False
2025-06-13 11:05:23.430937613+00:00,dior,32.77946032937084,0,False
2025-06-13 11:28:54.373100613+00:00,dior,33.13041107228891,0,False
2025-06-13 11:37:32.960402613+00:00,dior,33.05274507546415,0,False
2025-06-13 11:39:30.380920613+00:00,dior,33.138486014404144,0,False
2025-06-13 12:36:22.300035613+00:00,dior,34.00538401752336,0,False
2025-06-13 12:49:38.022204613+00:00,dior,33.86659705224902,0,False
2025-06-13 12:57:38.466212613+00:00,dior,34.10040730120225,0,False
2025-06-13 13:10:01.175777613+00:00,dior,34.054700752221564,0,False
2025-06-13 13:19:40.480615613+00:00,dior,34.40371963507661,0,False
2025-06-13 13:24:52.669851613+00:00,dior,34.25703207992299,0,False
2025-06-13 13:39:58.230559613+00:00,dior,34.308849329060465,0,False
2025-06-13 13:52:47.338763613+00:00,dior,34.24194230902218,0,False
2025-06-13 14:02:22.678815613+00:00,dior,34.44850584994434,0,False
2025-06-13 14:21:49.289473613+00:00,dior,34.05483690811898,0,False
2025-06-13 14:40:49.670099613+00:00,dior,34.013847046931275,0,False
2025-06-13 14:49:08.295193613+00:00,dior,33.90214956729244,0,False
2025-06-13 14:53:20.453602613+00:00,dior,33.70077768920075,0,False
2025-06-13 15:01:42.166974613+00:00,dior,33.44398831506467,0,False
2025-06-13 15:27:44.264095613+00:00,dior,32.87663635258869,0,False
2025-06-13 15:33:23.223663613+00:00,dior,32.807981677774976,0,False
2025-06-13 15:36:47.089561613+00:00,dior,32.90422152116479,0,False
2025-06-13 16:13:03.538204613+00:00,dior,32.457099275140145,0,False
2025-06-13 16:26:30.770401613+00:00,dior,32.073574212877745,0,False
2025-06-13 16:38:36.092034613+00:00,dior,31.8634452357528,0,False
2025-06-13 16:46:11.778560613+00:00,dior,31.633442827002764,0,False
2025-06-13 16:52:43.371269613+00:00,dior,31.452794535872126,0,False
2025-06-13 17:04:44.466231613+00:00,dior,31.20656494748192,0,False
2025-06-13 17:16:03.626301613+00:00,dior,30.803109235857914,0,False
2025-06-13 17:27:17.753392613+00:00,dior,30.544485705030752,0,False
2025-06-13 17:40:45.982187613+00:00,dior,29.99972830358803,0,False
2025-06-13 17:45:04.283908613+00:00,dior,29.870268740191083,0,False
2025-06-13 17:57:19.599526613+00:00,dior,29.41054203411239,0,False
2025-06-13 17:58:01.918379613+00:00,dior,29.26201195553065,0,False
2025-06-13 18:17:35.478069613+00:00,dior,28.304743457616432,0,False
2025-06-13 18:33:18.565547613+00:00,dior,27.373060044879708,0,False
2025-06-13 18:33:39.493187613+00:00,dior,27.519289641186468,0,False
2025-06-13 18:34:09.158069613+00:00,dior,27.369157101719136,0,False
2025-06-13 18:47:09.695674613+00:00,dior,26.646970807247683,0,False
2025-06-13 18:55:56.488671613+00:00,dior,26.1812858458371,0,False
2025-06-13 19:00:03.596493613+00:00,dior,25.900035304512475,0,False
2025-06-13 20:11:48.555655613+00:00,dior,23.395517706428603,0,False
2025-06-13 20:40:24.632515613+00:00,dior,22.85472541653189,0,False
2025-06-13 20:48:59.856628613+00:00,dior,22.686478439934316,0,False
2025-06-13 20:53:29.971359613+00:00,dior,22.730770819422567,0,False
2025-06-13 20:57:28.951620613+00:00,dior,22.572670653156308,0,False
2025-06-13 21:23:07.653877613+00:00,dior,21.919545616705417,0,False
2025-06-13 21:43:05.470327613+00:00,dior,21.551336984137123,0,False
2025-06-13 21:49:43.558147613+00:00,dior,21.35201021566993,0,False
2025-06-13 22:04:54.824069613+00:00,dior,21.460816345089878,0,False
2025-06-13 22:08:56.605897613+00:00,dior,21.269102745452322,0,False
2025-06-13 22:29:08.427053613+00:00,dior,21.097045971655916,0,False
2025-06-13 22:40:23.347554613+00:00,dior,20.991914511860774,0,False
2025-06-13 22:44:43.657232613+00:00,dior,20.920464560011588,0,False
2025-06-13 22:46:01.434769613+00:00,dior,20.896576192977278,0,False
2025-06-13 23:08:21.698434613+00:00,dior,20.286993148976638,0,False
2025-06-13 23:34:41.814373613+00:00,dior,19.764603953356016,0,False
2025-06-14 00:27:04.733969613+00:00,dior,18.846043358106964,0,False
2025-06-14 01:06:23.696231613+00:00,dior,18.690672202469813,0,False
2025-06-14 01:14:00.303979613+00:00,dior,18.537205646798007,0,False
2025-06-14 01:25:53.934983613+00:00,dior,18.389805928197756,0,False
2025-06-14 02:04:32.002474613+00:00,dior,17.94607577480691,0,False
2025-06-14 02:13:05.700396613+00:00,dior,17.668412290898704,0,False
2025-06-14 02:55:12.805631613+00:00,dior,17.41575026406042,0,False
2025-06-14 03:18:51.010492613+00:00,dior,17.1303959265518,0,False
2025-06-14 03:24:39.439631613+00:00,dior,17.004964583419753,0,False
2025-06-14 03:36:02.639613613+00:00,dior,17.018554413619043,0,False
2025-06-14 04:05:06.912816613+00:00,dior,17.138172860158523,0,False
2025-06-14 04:39:33.208753613+00:00,dior,18.724913728884935,0,False
2025-06-14 04:39:53.889980613+00:00,dior,18.845818265664995,0,False
2025-06-14 05:02:59.967280613+00:00,dior,20.277512665162327,0,False
2025-06-14 05:34:45.717744613+00:00,dior,43.6812342403725,0,False
2025-06-14 05:45:06.083115613+00:00,dior,44.45532996716477,0,False
2025-06-14 05:56:07.436425613+00:00,dior,44.80069925399654,0,False
2025-06-14 06:32:45.521745613+00:00,dior,46.16453065529724,0,False
2025-06-14 06:37:28.486522613+00:00,dior,48.16165139193377,0,False
2025-06-14 07:38:58.407347613+00:00,dior,47.987874117266884,0,False
2025-06-14 07:45:36.335904613+00:00,dior,48.12239900639538,0,False
2025-06-14 08:19:08.387058613+00:00,dior,49.27632506976963,0,False
2025-06-14 08:31:54.487064613+00:00,dior,50.11373448924444,1,False
2025-06-14 08:34:40.440259613+00:00,dior,48.819407309251375,1,False
2025-06-14 08:40:14.985037613+00:00,dior,50.829505032399645,2,False
2025-06-14 09:31:29.108768613+00:00,dior,32.225140724697454,2,False
2025-06-14 09:42:05.936963613+00:00,dior,32.491837589857155,2,False
2025-06-14 09:43:50.143006613+00:00,dior,32.339932202783906,2,False
2025-06-14 10:12:54.564618613+00:00,dior,33.403287417574106,2,False
2025-06-14 10:27:51.886308613+00:00,dior,33.353172005723486,2,False
2025-06-14 10:55:28.923730613+00:00,dior,34.038043582362974,2,False
2025-06-14 11:07:23.816719613+00:00,dior,33.91456974336341,2,False
2025-06-14 11:10:40.607291613+00:00,dior,33.93839964619604,2,False
2025-06-14 11:11:04.443102613+00:00,dior,33.81951035917736,2,False
2025-06-14 11:22:13.484075613+00:00,dior,34.16190046764373,2,False
2025-06-14 11:28:13.873769613+00:00,dior,34.332141715702676,2,False
2025-06-14 11:39:59.351239613+00:00,dior,34.2708910733732,2,False
2025-06-14 13:35:36.553833613+00:00,dior,35.86674518446899,2,False
2025-06-14 13:36:36.479790613+00:00,dior,35.929408851907375,2,False
2025-06-14 13:57:47.875011613+00:00,dior,36.19641921130279,2,False
2025-06-14 14:01:19.805694613+00:00,dior,36.149461571199865,2,False
2025-06-14 14:06:49.886000613+00:00,dior,36.24730522976787,2,False
2025-06-14 14:12:24.477266613+00:00,dior,36.04426663837755,2,False
2025-06-14 14:33:58.039487613+00:00,dior,36.32494679542485,2,False
2025-06-14 15:15:11.935906613+00:00,dior,36.35360882377808,2,False
2025-06-14 15:15:16.743395613+00:00,dior,36.431207083873915,2,False
2025-06-14 15:24:11.315369613+00:00,dior,36.10020595850738,2,False
2025-06-14 15:44:02.581920613+00:00,dior,36.23183761167936,2,False
2025-06-14 16:00:50.001299613+00:00,dior,35.46063176651919,2,False
2025-06-14 16:06:09.035410613+00:00,dior,35.36771485684528,2,False
2025-06-14 16:16:49.015144613+00:00,dior,34.77871386656575,2,False
2025-06-14 16:29:30.592974613+00:00,dior,33.66386856797389,2,False
2025-06-14 17:14:56.765861613+00:00,dior,31.887628602334285,2,False
2025-06-14 17:32:05.385770613+00:00,dior,30.750214338345046,2,False
2025-06-14 17:32:35.427196613+00:00,dior,30.822875315736646,2,False
2025-06-14 17:52:04.329135613+00:00,dior,29.611743190160556,2,False
2025-06-14 17:59:04.102809613+00:00,dior,29.447474198364183,2,False
2025-06-14 18:10:15.794759613+00:00,dior,28.880806274143428,2,False
2025-06-14 18:11:45.098707613+00:00,dior,28.731150871912725,2,False
2025-06-14 18:14:43.462818613+00:00,dior,28.642786453359584,2,False
2025-06-14 18:23:38.357675613+00:00,dior,24.862637580627858,2,False
2025-06-14 18:52:39.165868613+00:00,dior,27.165571432524228,2,False
2025-06-14 19:32:17.617469613+00:00,dior,25.815117036603194,2,False
2025-06-14 20:00:27.712117613+00:00,dior,25.15519422705156,2,False
2025-06-14 20:13:01.044550613+00:00,dior,24.973542865859308,2,False
2025-06-14 20:40:53.786651613+00:00,dior,24.39803320972997,2,False
2025-06-14 21:01:13.579270613+00:00,dior,24.05189329895502,2,False
2025-06-14 21:10:23.259025613+00:00,dior,24.1472614187574,2,False
2025-06-14 21:19:55.415357613+00:00,dior,24.429189625981135,2,False
2025-06-14 21:35:37.596621613+00:00,dior,25.34372391336773,2,False
2025-06-14 21:40:45.407900613+00:00,dior,25.295770535691712,2,False
2025-06-14 22:02:31.303635613+00:00,dior,24.44285400062767,2,False
2025-06-14 22:37:03.464256613+00:00,dior,23.70456856368692,2,False
2025-06-14 22:40:43.454817613+00:00,dior,23.61437674937067,2,False
2025-06-14 22:49:14.477345613+00:00,dior,23.342215976081608,2,False
2025-06-14 23:26:38.533979613+00:00,dior,23.06552337517626,2,False
2025-06-14 23:35:40.678872613+00:00,dior,23.034775145750267,2,False
2025-06-14 23:39:38.307799613+00:00,dior,22.895792888795317,2,False
2025-06-14 23:47:07.112560613+00:00,dior,22.840646372318865,2,False
2025-06-14 23:57:47.267826613+00:00,dior,22.984738038658076,2,False
2025-06-15 00:16:14.216518613+00:00,dior,23.10130344642269,2,False
2025-06-15 00:22:08.126173613+00:00,dior,23.1567938687685,2,False
2025-06-15 00:33:35.883674613+00:00,dior,23.236196086534164,2,False
2025-06-15 00:49:26.327363613+00:00,dior,20.13192365508211,2,False
2025-06-15 01:11:22.590597613+00:00,dior,23.139129602372453,2,False
2025-06-15 01:23:21.470189613+00:00,dior,23.095156533198285,2,False
2025-06-15 02:29:57.267754613+00:00,dior,21.78940487320277,2,False
2025-06-15 02:31:47.083883613+00:00,dior,21.81322709501085,2,False
2025-06-15 02:42:54.008999613+00:00,dior,21.64721082226678,2,False
2025-06-15 03:04:02.749670613+00:00,dior,21.482566840639173,2,False
2025-06-15 03:44:26.188171613+00:00,dior,21.036388743774534,2,False
2025-06-15 03:49:00.775290613+00:00,dior,21.030021356594432,2,False
2025-06-15 03:53:54.492680613+00:00,dior,20.83902931900548,2,False
2025-06-15 04:17:14.195289613+00:00,dior,21.317742234970396,2,False
2025-06-15 04:51:36.683108613+00:00,dior,23.152450071980734,2,False
2025-06-15 05:10:27.493262613+00:00,dior,24.2570090204534,2,False
2025-06-15 05:14:03.588788613+00:00,dior,24.386572448435192,2,False
2025-06-15 05:35:59.724074613+00:00,dior,24.699124806879393,2,False
2025-06-15 05:43:26.506672613+00:00,dior,24.599478973823867,2,False
2025-06-15 06:00:16.861560613+00:00,dior,24.466042773373648,2,False
2025-06-15 06:20:00.288220613+00:00,dior,25.878244012209155,2,False
2025-06-15 06:21:33.288508613+00:00,dior,26.248639270428857,2,False
2025-06-15 07:04:25.623094613+00:00,dior,28.997457020068556,2,False
2025-06-15 07:14:25.886670613+00:00,dior,29.79920105026319,2,False
2025-06-15 07:18:03.900899613+00:00,dior,29.973477622165696,2,False
2025-06-15 07:47:56.105944613+00:00,dior,31.080794740706306,2,False
2025-06-15 09:12:54.411067613+00:00,dior,32.66218256650981,2,False
2025-06-15 09:32:13.801359613+00:00,dior,33.050873708822614,2,False
2025-06-15 10:03:17.526361613+00:00,dior,33.630066348098495,2,False
2025-06-15 10:05:53.701736613+00:00,dior,33.62931707984079,2,False
2025-06-15 10:12:50.252016613+00:00,dior,33.8683284043241,2,False
2025-06-15 10:17:30.001224613+00:00,dior,33.69136874146282,2,False
2025-06-15 10:50:58.091419613+00:00,dior,34.15301954365054,2,False
2025-06-15 12:09:45.408997613+00:00,dior,35.393531367524616,2,False
2025-06-15 12:11:51.542940613+00:00,dior,35.27750986316647,2,False
2025-06-15 12:12:17.564147613+00:00,dior,35.4063274020721,2,False
2025-06-15 13:01:32.326528613+00:00,dior,36.235443948086505,2,False
2025-06-15 13:26:58.172657613+00:00,dior,35.98565933294108,2,False
2025-06-15 13:33:17.263126613+00:00,dior,35.9950541046975,2,False
2025-06-15 13:41:31.371700613+00:00,dior,36.2001381618955,2,False
2025-06-15 14:00:02.219494613+00:00,dior,36.282887280054254,2,False
2025-06-15 14:08:03.271135613+00:00,dior,36.79875332175,2,False
2025-06-15 14:10:06.826422613+00:00,dior,36.658055778424675,2,False
2025-06-15 14:20:59.690647613+00:00,dior,36.40462055573765,2,False
2025-06-15 14:40:39.811416613+00:00,dior,36.41616575112379,2,False
2025-06-15 15:07:39.700633613+00:00,dior,36.100443372108074,2,False
2025-06-15 15:21:02.588902613+00:00,dior,35.72087723015464,2,False
2025-06-15 15:29:59.544167613+00:00,dior,35.35332695603957,2,False
2025-06-15 15:38:17.022099613+00:00,dior,35.10603643894823,2,False
2025-06-15 16:14:38.264654613+00:00,dior,32.42006430674017,2,False
2025-06-15 16:22:49.138563613+00:00,dior,32.021674744544356,2,False
2025-06-15 16:24:51.950415613+00:00,dior,32.07664357073007,2,False
2025-06-15 16:40:36.917146613+00:00,dior,31.620875177927918,2,False
2025-06-15 16:46:03.023320613+00:00,dior,31.67931700480528,2,False
2025-06-15 17:33:16.257443613+00:00,dior,30.12919453329893,2,False
2025-06-15 17:35:50.060542613+00:00,dior,30.044937478592935,2,False
2025-06-15 17:48:03.449697613+00:00,dior,29.69265675564072,2,False
2025-06-15 17:56:48.125609613+00:00,dior,29.487978346769157,2,False
2025-06-15 18:13:20.729426613+00:00,dior,29.107966778498177,2,False
2025-06-15 18:39:47.571670613+00:00,dior,28.514178676640057,2,False
2025-06-15 18:52:53.769408613+00:00,dior,27.972712785366884,2,False
2025-06-15 19:45:51.408253613+00:00,dior,27.027420595373595,2,False
2025-06-15 20:08:08.083936613+00:00,dior,26.590244016946546,2,False
2025-06-15 20:22:46.357847613+00:00,dior,26.38331539008802,2,False
2025-06-15 20:27:04.434224613+00:00,dior,26.275138119978894,2,False
2025-06-15 20:50:28.975430613+00:00,dior,25.928753146422366,2,False
2025-06-15 21:07:17.228282613+00:00,dior,25.6871736258409,2,False
2025-06-15 21:11:36.046578613+00:00,dior,25.563665954688826,2,False
2025-06-15 21:11:49.748227613+00:00,dior,25.5447735578735,2,False
2025-06-15 21:12:23.838582613+00:00,dior,25.568616706166594,2,False
2025-06-15 21:16:26.565031613+00:00,dior,25.504094748036078,2,False
2025-06-15 21:25:53.609670613+00:00,dior,25.283338404599395,2,False
2025-06-15 21:26:38.204451613+00:00,dior,25.183826825517336,2,False
2025-06-15 21:28:29.024653613+00:00,dior,25.187716940630363,2,False
2025-06-15 21:32:11.576434613+00:00,dior,25.175670083138908,2,False
2025-06-15 21:48:13.808556613+00:00,dior,24.708686019258263,2,False
2025-06-15 21:50:21.296256613+00:00,dior,24.601324849593386,2,False
2025-06-15 22:07:45.828024613+00:00,dior,24.239241169492644,2,False
2025-06-15 22:26:06.390433613+00:00,dior,23.89197652638607,2,False
2025-06-15 22:36:38.366391613+00:00,dior,23.85905701148877,2,False
2025-06-15 22:52:01.377349613+00:00,dior,23.50038976312766,2,False
2025-06-15 23:06:05.303359613+00:00,dior,23.415507552030284,2,False
2025-06-15 23:12:56.504433613+00:00,dior,23.299668552046523,2,False
2025-06-15 23:14:46.838349613+00:00,dior,23.274812472907477,2,False
2025-06-15 23:16:03.869038613+00:00,dior,23.26761331857978,2,False
2025-06-15 23:20:09.720919613+00:00,dior,23.189713398799782,2,False
2025-06-15 23:47:14.803650613+00:00,dior,23.163487120633178,2,False
2025-06-15 23:52:52.709375613+00:00,dior,23.134210438060332,2,False
2025-06-16 00:01:23.280776613+00:00,dior,23.290030224170252,2,False
2025-06-16 00:12:31.786600613+00:00,dior,23.34754624620137,2,False
2025-06-16 00:52:09.752441613+00:00,dior,23.14218719703131,2,False
2025-06-16 01:08:40.117865613+00:00,dior,23.022057935684774,2,False
2025-06-16 01:11:35.530636613+00:00,dior,22.94337962269765,2,False
2025-06-16 01:36:55.409805613+00:00,dior,22.669453536381518,2,False
2025-06-16 02:15:08.618010613+00:00,dior,22.174864365628768,2,False
2025-06-16 02:18:52.177887613+00:00,dior,22.21341688330495,2,False
2025-06-16 02:34:59.093989613+00:00,dior,22.672889311836617,2,False
2025-06-16 02:39:29.313642613+00:00,dior,22.57518908607112,2,False
2025-06-16 02:43:46.116941613+00:00,dior,22.556566241063827,2,False
2025-06-16 03:11:22.520809613+00:00,dior,21.918780208686968,2,False
2025-06-16 03:12:51.196879613+00:00,dior,21.95066698006591,2,False
2025-06-16 03:18:51.044780613+00:00,dior,21.736879926979377,2,False
2025-06-16 03:21:25.154087613+00:00,dior,21.768505259514335,2,False
2025-06-16 03:33:17.039755613+00:00,dior,21.69567996783335,2,False
2025-06-16 03:41:30.281990613+00:00,dior,21.73674990978259,2,False
2025-06-16 04:09:24.515174613+00:00,dior,21.69396983063025,2,False
2025-06-16 04:25:15.877015613+00:00,dior,22.11258585281325,2,False
2025-06-16 04:25:59.180714613+00:00,dior,22.113946163970454,2,False
2025-06-16 04:32:01.812981613+00:00,dior,22.568161141339978,2,False
2025-06-16 04:32:02.362252613+00:00,dior,22.572461943287607,2,False
2025-06-16 04:32:45.095202613+00:00,dior,22.626039054454175,2,False
2025-06-16 04:38:00.488705613+00:00,dior,22.87963121702657,2,False
2025-06-16 04:57:54.933414613+00:00,dior,24.035790841352984,2,False
2025-06-16 04:59:50.637798613+00:00,dior,24.22186848660212,2,False
2025-06-16 05:06:41.924523613+00:00,dior,24.55941994271882,2,False
2025-06-16 05:18:00.691765613+00:00,dior,25.179499228000918,2,False
2025-06-16 05:27:54.476639613+00:00,dior,25.981995504796423,2,False
2025-06-16 05:28:26.659677613+00:00,dior,25.88221751919561,2,False
2025-06-16 05:35:01.551364613+00:00,dior,26.143169063227795,2,False
2025-06-16 05:40:15.644691613+00:00,dior,26.48937014529084,2,False
2025-06-16 06:00:00.476017613+00:00,dior,27.13235398137386,2,False
2025-06-16 06:45:58.038857613+00:00,dior,28.213290762893916,2,False
2025-06-16 07:57:55.444323613+00:00,dior,29.922200156236098,2,False
2025-06-16 08:09:08.441885613+00:00,dior,30.035604319135903,2,False
2025-06-16 08:24:42.243619613+00:00,dior,30.29563450142971,2,False
2025-06-16 08:38:52.428955613+00:00,dior,30.25453617349708,2,False
2025-06-16 09:02:23.621769613+00:00,dior,30.695687675401985,2,False
2025-06-16 09:09:48.547668613+00:00,dior,30.779023863180587,2,False
2025-06-16 09:10:56.997704613+00:00,dior,30.978338114341685,2,False
2025-06-16 09:18:14.507133613+00:00,dior,30.924078659025437,2,False
2025-06-16 09:38:41.031303613+00:00,dior,31.3390444235612,2,False
2025-06-16 10:01:14.061485613+00:00,dior,31.564512061111138,2,False
2025-06-16 10:33:29.055004613+00:00,dior,31.475165968009,2,False
2025-06-16 10:35:53.804416613+00:00,dior,31.49088897583728,2,False
2025-06-16 10:47:27.269882613+00:00,dior,27.551532299285455,2,False
2025-06-16 10:49:12.296532613+00:00,dior,31.48059824980676,2,False
2025-06-16 10:52:10.059309613+00:00,dior,31.47225735130344,2,False
2025-06-16 11:03:05.227392613+00:00,dior,31.514660876847657,2,False
2025-06-16 11:05:12.042474613+00:00,dior,31.38770319835221,2,False
2025-06-16 11:14:33.901475613+00:00,dior,31.458392888004173,2,False
2025-06-16 11:28:24.375934613+00:00,dior,31.403247243691766,2,False
2025-06-16 11:35:41.924857613+00:00,dior,31.46323575502538,2,False
2025-06-16 11:39:57.671504613+00:00,dior,31.668675009074022,2,False
2025-06-16 12:37:52.078201613+00:00,dior,28.939537030327717,2,False
2025-06-16 12:51:34.129954613+00:00,dior,28.325964781048512,2,False
2025-06-16 13:16:24.188704613+00:00,dior,27.492957330063735,2,False
2025-06-16 13:32:24.117566613+00:00,dior,26.814213939616753,2,False
2025-06-16 13:50:23.429689613+00:00,dior,26.16496907716563,2,False
2025-06-16 14:44:42.944274613+00:00,dior,18.313839737561555,2,False
2025-06-16 14:57:52.290645613+00:00,dior,18.26935886812317,2,False
2025-06-16 15:22:02.099458613+00:00,dior,18.415507473060533,2,False
2025-06-16 15:27:13.813575613+00:00,dior,18.367862959197698,2,False
2025-06-16 15:31:15.876621613+00:00,dior,18.372969817751155,2,False
2025-06-16 15:42:46.740882613+00:00,dior,18.339600435890738,2,False
2025-06-16 15:47:56.950131613+00:00,dior,18.36534147271554,2,False
2025-06-16 15:48:07.231091613+00:00,dior,18.393099398675208,2,False
2025-06-16 16:00:40.409571613+00:00,dior,18.194123338572076,2,False
2025-06-16 16:09:49.867957613+00:00,dior,18.265802834447733,2,False
2025-06-16 16:18:32.017306613+00:00,dior,18.43939332775965,2,False
2025-06-16 16:28:23.306014613+00:00,dior,18.325269986876826,2,False
2025-06-16 16:36:50.295509613+00:00,dior,18.250192296912743,2,False
2025-06-16 17:10:24.916706613+00:00,dior,18.667225705107843,2,False
2025-06-16 17:25:42.169815613+00:00,dior,19.115736077988934,2,False
2025-06-16 17:39:10.119334613+00:00,dior,19.627725047541286,2,False
2025-06-16 17:47:30.515068613+00:00,dior,19.776877045950805,2,False
2025-06-16 18:02:37.356306613+00:00,dior,20.21576043419536,2,False
2025-06-16 18:04:08.624343613+00:00,dior,20.152735137449753,2,False
2025-06-16 18:05:30.268194613+00:00,dior,20.190937125503556,2,False
2025-06-16 18:29:37.727418613+00:00,dior,19.82986782104039,2,False
2025-06-16 18:39:08.435885613+00:00,dior,19.576297562870693,2,False
2025-06-16 18:46:39.941183613+00:00,dior,19.45329981851653,2,False
2025-06-16 18:59:47.677056613+00:00,dior,19.253877661983353,2,False
2025-06-16 19:02:44.690485613+00:00,dior,19.226754738801496,2,False
2025-06-16 19:10:58.182633613+00:00,dior,19.188432850664043,2,False
2025-06-16 19:13:32.473522613+00:00,dior,19.092230023504122,2,False
2025-06-16 19:40:33.532723613+00:00,dior,18.770119083172965,2,False
2025-06-16 19:40:41.422650613+00:00,dior,18.808197397654173,2,False
2025-06-16 20:06:50.933084613+00:00,dior,18.171465540607734,2,False
2025-06-16 20:11:45.846009613+00:00,dior,17.97797935617718,2,False
2025-06-16 20:32:58.843281613+00:00,dior,17.784398145109403,2,False
2025-06-16 20:52:59.268813613+00:00,dior,17.834233244861977,2,False
2025-06-16 20:53:18.556781613+00:00,dior,17.880904571543304,2,False
2025-06-16 21:25:15.235055613+00:00,dior,18.076347603209772,2,False
2025-06-16 21:42:37.799701613+00:00,dior,18.142131431780474,2,False
2025-06-16 22:01:53.039956613+00:00,dior,18.224900140096402,2,False
2025-06-16 22:14:45.312483613+00:00,dior,18.23952729272459,2,False
2025-06-16 22:39:35.124815613+00:00,dior,18.24466014968014,2,False
2025-06-16 23:27:27.886696613+00:00,dior,18.362475723227334,2,False
2025-06-16 23:37:00.867660613+00:00,dior,18.33900497320537,2,False
2025-06-16 23:39:56.421279613+00:00,dior,18.37228274102855,2,False
2025-06-16 23:56:09.279527613+00:00,dior,18.272764982443434,2,False
2025-06-17 00:00:26.369726613+00:00,dior,18.211602507286997,2,False
2025-06-17 00:17:55.130399613+00:00,dior,18.12412910597282,2,False
2025-06-17 00:24:57.252587613+00:00,dior,18.162768888982608,2,False
2025-06-17 00:28:30.524505613+00:00,dior,18.141238522738785,2,False
2025-06-17 00:32:24.203815613+00:00,dior,18.177259389448658,2,False
2025-06-17 00:48:09.653621613+00:00,dior,18.187723190442192,2,False
2025-06-17 00:54:08.739806613+00:00,dior,18.166005971568676,2,False
2025-06-17 01:34:19.096168613+00:00,dior,18.255540952283013,2,False
2025-06-17 01:37:09.887193613+00:00,dior,18.20370312730115,2,False
2025-06-17 01:41:09.610837613+00:00,dior,18.257785373526378,2,False
2025-06-17 01:55:45.062022613+00:00,dior,18.12043152530011,2,False
2025-06-17 02:37:29.795058613+00:00,dior,17.5598908175912,2,False
2025-06-17 02:54:47.475884613+00:00,dior,17.54155289387265,2,False
2025-06-17 02:55:43.669680613+00:00,dior,17.520020655438035,2,False
2025-06-17 02:57:07.972200613+00:00,dior,17.608037700915997,2,False
2025-06-17 02:57:30.531566613+00:00,dior,17.558700984632118,2,False
2025-06-17 03:30:42.849456613+00:00,dior,17.535030096921677,2,False
2025-06-17 03:50:50.932964613+00:00,dior,17.593086960278477,2,False
2025-06-17 03:55:19.885800613+00:00,dior,17.53986308894379,2,False
2025-06-17 03:56:07.237308613+00:00,dior,17.567531316655952,2,False
2025-06-17 04:01:22.273722613+00:00,dior,17.600715219777957,2,False
2025-06-17 04:06:54.084235613+00:00,dior,17.541524702818936,2,False
2025-06-17 04:37:18.491934613+00:00,dior,17.79475264564735,2,False
2025-06-17 04:53:01.467970613+00:00,dior,17.804840983598783,2,False
2025-06-17 05:06:48.591999613+00:00,dior,17.896049210507098,2,False
2025-06-17 06:09:46.271319613+00:00,dior,17.991946554227017,2,False
2025-06-17 06:12:48.003314613+00:00,dior,18.042087817719878,2,False
2025-06-17 06:17:35.040024613+00:00,dior,18.036527419018736,2,False
2025-06-17 06:27:04.264400613+00:00,dior,18.140280471258365,2,False
2025-06-17 06:52:20.088152613+00:00,dior,18.36100951337717,2,False
2025-06-17 07:03:52.943881613+00:00,dior,18.629058237175716,2,False
2025-06-17 07:19:54.872077613+00:00,dior,16.535425247062136,2,False
2025-06-17 07:43:57.761439613+00:00,dior,19.088857216045337,2,False
2025-06-17 08:01:26.805273613+00:00,dior,19.409532635056976,2,False
2025-06-17 08:44:05.711426613+00:00,dior,19.645443495646056,2,False
2025-06-17 08:48:06.030759613+00:00,dior,19.733027599749892,2,False
2025-06-17 09:01:32.970155613+00:00,dior,20.18093372825333,2,False
2025-06-17 09:18:15.690977613+00:00,dior,20.858602704672247,2,False
2025-06-17 09:42:57.035476613+00:00,dior,21.154784213128508,2,False
2025-06-17 10:28:54.030575613+00:00,dior,22.398163614266334,2,False
2025-06-17 11:31:00.639554613+00:00,dior,23.606584764437457,2,False
2025-06-17 11:58:06.760925613+00:00,dior,24.66717091395288,2,False
2025-06-17 12:19:21.375973613+00:00,dior,25.274368440075424,2,False
2025-06-17 12:33:54.030491613+00:00,dior,25.498549400051555,2,False
2025-06-17 13:02:59.734484613+00:00,dior,25.672716031677922,2,False
2025-06-17 13:12:28.963347613+00:00,dior,25.93791294363595,2,False
2025-06-17 13:14:12.115158613+00:00,dior,25.940744797955666,2,False
2025-06-17 13:20:49.872245613+00:00,dior,26.135659656333054,2,False
2025-06-17 13:28:35.216937613+00:00,dior,26.417272759822552,2,False
2025-06-17 13:40:59.890640613+00:00,dior,26.67375923909114,2,False
2025-06-17 13:49:32.836694613+00:00,dior,26.617713662716763,2,False
2025-06-17 13:51:17.356562613+00:00,dior,26.667327733099835,2,False
2025-06-17 14:09:26.283068613+00:00,dior,26.941158618389856,2,False
2025-06-17 14:55:37.335331613+00:00,dior,27.17499063350873,2,False
2025-06-17 15:01:54.758046613+00:00,dior,27.223146860610886,2,False
2025-06-17 15:31:06.262586613+00:00,dior,27.552245259282515,2,False
2025-06-17 15:42:25.016003613+00:00,dior,27.59028569733866,2,False
2025-06-17 15:46:04.626364613+00:00,dior,27.566043610665727,2,False
2025-06-17 15:56:27.102386613+00:00,dior,27.393660726867633,2,False
2025-06-17 16:03:19.512956613+00:00,dior,27.394082406162287,2,False
2025-06-17 16:13:45.502662613+00:00,dior,27.269940825378125,2,False
2025-06-17 16:48:57.452592613+00:00,dior,26.774455574850368,2,False
2025-06-17 16:49:55.828156613+00:00,dior,26.72948639034111,2,False
2025-06-17 17:53:18.630694613+00:00,dior,24.097587556520317,2,False
2025-06-17 18:20:09.156480613+00:00,dior,22.383054630032298,2,False
2025-06-17 18:41:20.088970613+00:00,dior,21.435051535766675,2,False
2025-06-17 18:47:49.242631613+00:00,dior,21.170759049668078,2,False
2025-06-17 18:54:40.696149613+00:00,dior,20.943575161016806,2,False
2025-06-17 19:09:35.893170613+00:00,dior,20.49340221652174,2,False
2025-06-17 19:29:19.144125613+00:00,dior,19.882757544224756,2,False
2025-06-17 20:11:23.076979613+00:00,dior,18.935465019837615,2,False
2025-06-17 20:31:11.116910613+00:00,dior,18.336406044129145,2,False
2025-06-17 20:43:05.065225613+00:00,dior,18.123629484434815,2,False
2025-06-17 20:44:31.439407613+00:00,dior,18.040073900251667,2,False
2025-06-17 21:21:02.808082613+00:00,dior,17.377193841300905,2,False
2025-06-17 21:34:57.888548613+00:00,dior,17.285053953791234,2,False
2025-06-17 21:58:41.406104613+00:00,dior,16.851013655922312,2,False
2025-06-17 22:02:11.081689613+00:00,dior,16.918172529118184,2,False
2025-06-17 22:14:30.412122613+00:00,dior,16.855439049829407,2,False
2025-06-17 22:19:35.484570613+00:00,dior,16.801842623697393,2,False
2025-06-17 22:23:25.495505613+00:00,dior,16.704011532269647,2,False
2025-06-17 22:54:27.172716613+00:00,dior,14.473692769794658,2,False
2025-06-17 23:01:12.438626613+00:00,dior,16.514953342749426,2,False
2025-06-17 23:38:18.182357613+00:00,dior,16.090205618857016,2,False
2025-06-17 23:44:30.212982613+00:00,dior,15.960680878550384,2,False
2025-06-18 00:49:27.849422613+00:00,dior,15.537147536780235,2,False
2025-06-18 00:54:10.788136613+00:00,dior,15.440596212679269,2,False
2025-06-18 00:57:08.789220613+00:00,dior,15.493427355156141,2,False
2025-06-18 00:58:59.016406613+00:00,dior,15.403711662588854,2,False
2025-06-18 01:06:17.385247613+00:00,dior,15.411583470638037,2,False
2025-06-18 01:07:12.103869613+00:00,dior,15.445867519295813,2,False
2025-06-18 01:19:41.125490613+00:00,dior,15.318201796013739,2,False
2025-06-18 01:35:57.149084613+00:00,dior,15.218364312840109,2,False
2025-06-18 01:42:12.524881613+00:00,dior,15.136440484771274,2,False
2025-06-18 02:12:46.527451613+00:00,dior,14.973150650622392,2,False
2025-06-18 02:23:34.662405613+00:00,dior,14.971379265196871,2,False
2025-06-18 02:28:37.956124613+00:00,dior,14.912657950315884,2,False
2025-06-18 02:36:40.917067613+00:00,dior,14.791741156587038,2,False
2025-06-18 02:37:17.302887613+00:00,dior,14.82452188085512,2,False
2025-06-18 02:41:03.555475613+00:00,dior,14.756604017837665,2,False
2025-06-18 02:45:44.602455613+00:00,dior,14.785820317846081,2,False
2025-06-18 03:04:50.633603613+00:00,dior,14.74821757406079,2,False
2025-06-18 03:27:19.125541613+00:00,dior,14.62257111967948,2,False
2025-06-18 03:43:57.557711613+00:00,dior,14.590227862737597,2,False
2025-06-18 03:52:33.381027613+00:00,dior,14.600879376839567,2,False
2025-06-18 04:09:39.466924613+00:00,dior,14.9998910821956,2,False
2025-06-18 04:14:55.835849613+00:00,dior,15.15501052967457,2,False
2025-06-18 04:19:55.086800613+00:00,dior,15.25471739494658,2,False
2025-06-18 04:26:14.805711613+00:00,dior,15.609621447202786,2,False
2025-06-18 04:29:52.156779613+00:00,dior,15.84882540978107,2,False
2025-06-18 04:49:34.194987613+00:00,dior,16.91196079947454,2,False
2025-06-18 04:52:56.345301613+00:00,dior,17.006506606343233,2,False
2025-06-18 05:11:30.648274613+00:00,dior,18.135243296734,2,False
2025-06-18 05:50:12.196898613+00:00,dior,20.07989547662585,2,False
2025-06-18 06:10:23.061433613+00:00,dior,21.023440866844673,2,False
2025-06-18 06:19:42.805541613+00:00,dior,21.37469290887142,2,False
2025-06-18 07:57:20.206249613+00:00,dior,24.669874408480133,2,False
2025-06-18 07:57:25.821546613+00:00,dior,24.764026390482158,2,False
2025-06-18 07:58:40.693204613+00:00,dior,24.714280989554503,2,False
2025-06-18 08:03:46.513835613+00:00,dior,25.023052028013282,2,False
2025-06-18 08:21:36.532873613+00:00,dior,25.378273729318682,2,False
2025-06-18 08:30:19.213251613+00:00,dior,25.59279905320322,2,False
2025-06-18 08:42:24.961788613+00:00,dior,25.757118658979827,2,False
2025-06-18 09:09:01.929340613+00:00,dior,26.604343268653718,2,False
2025-06-18 09:14:34.826657613+00:00,dior,26.77354764474619,2,False
2025-06-18 09:27:17.996264613+00:00,dior,26.88072553241459,2,False
2025-06-18 09:42:48.423351613+00:00,dior,27.502357308398093,2,False
2025-06-18 10:01:09.671191613+00:00,dior,27.73974013814895,2,False
2025-06-18 10:44:16.274592613+00:00,dior,28.566279368600235,2,False
2025-06-18 11:18:06.302032613+00:00,dior,28.851297357951868,2,False
2025-06-18 11:20:29.278790613+00:00,dior,28.74471910126731,2,False
2025-06-18 11:45:49.831489613+00:00,dior,29.143134879861044,2,False
2025-06-18 11:54:19.723096613+00:00,dior,29.26489269839305,2,False
2025-06-18 11:57:23.902895613+00:00,dior,29.308761103202144,2,False
2025-06-18 12:12:52.440240613+00:00,dior,29.944226125631943,2,False
2025-06-18 12:23:48.526258613+00:00,dior,29.696552770933657,2,False
2025-06-18 12:30:48.231659613+00:00,dior,29.65879200463143,2,False
2025-06-18 12:59:25.954713613+00:00,dior,29.73750208080948,2,False
2025-06-18 13:21:48.493018613+00:00,dior,30.00474058335422,2,False
2025-06-18 13:26:35.257381613+00:00,dior,29.650417943149716,2,False
2025-06-18 13:27:02.492968613+00:00,dior,29.795010626328622,2,False
2025-06-18 13:50:28.951100613+00:00,dior,30.13279032652163,2,False
2025-06-18 14:03:03.251821613+00:00,dior,29.98672618289507,2,False
2025-06-18 14:10:26.062235613+00:00,dior,29.98591978889079,2,False
2025-06-18 14:18:27.067122613+00:00,dior,30.15726029614806,2,False
2025-06-18 14:20:35.932865613+00:00,dior,30.20612322625547,2,False
2025-06-18 14:21:49.294582613+00:00,dior,30.38500654808236,2,False
2025-06-18 15:25:35.207763613+00:00,dior,30.53859563073233,2,False
2025-06-18 15:45:25.848761613+00:00,dior,29.97096259900968,2,False
2025-06-18 15:59:40.891798613+00:00,dior,29.706363246668225,2,False
2025-06-18 16:00:37.905050613+00:00,dior,29.66403556676782,2,False
2025-06-18 16:46:02.086934613+00:00,dior,29.825708857176775,2,False
2025-06-18 16:48:58.391684613+00:00,dior,29.821333332281807,2,False
2025-06-18 17:00:22.108332613+00:00,dior,29.99789132535453,2,False
2025-06-18 17:24:48.273837613+00:00,dior,29.47378644178321,2,False
2025-06-18 17:33:21.339910613+00:00,dior,29.238594297825433,2,False
2025-06-18 18:17:55.396711613+00:00,dior,28.113409320422484,2,False
2025-06-18 18:50:19.618901613+00:00,dior,25.632381337330585,2,False
2025-06-18 20:16:43.796822613+00:00,dior,22.048343369603046,2,False
2025-06-18 20:56:20.475150613+00:00,dior,20.792071558231676,2,False
2025-06-18 20:59:08.726994613+00:00,dior,20.74912617042007,2,False
2025-06-18 21:21:58.544142613+00:00,dior,20.231334204059525,2,False
2025-06-18 21:23:51.742539613+00:00,dior,20.25660751336775,2,False
2025-06-18 21:33:19.190783613+00:00,dior,20.03114942013601,2,False
2025-06-18 21:35:37.174831613+00:00,dior,20.032274993123345,2,False
2025-06-18 22:13:18.116570613+00:00,dior,19.303373062300338,2,False
2025-06-18 22:24:24.338656613+00:00,dior,19.19937251908151,2,False
2025-06-18 22:59:19.634075613+00:00,dior,18.754013684072326,2,False
2025-06-18 23:03:00.487432613+00:00,dior,18.60657012545287,2,False
2025-06-18 23:12:34.800508613+00:00,dior,18.618228143620417,2,False
2025-06-18 23:55:05.886024613+00:00,dior,18.27324395240656,2,False
2025-06-19 00:16:18.340243613+00:00,dior,18.11549331697203,2,False
2025-06-19 00:24:29.476194613+00:00,dior,18.027630480698488,2,False
2025-06-19 00:53:51.755564613+00:00,dior,17.676904064730188,2,False
2025-06-19 01:03:56.318029613+00:00,dior,17.526940774894367,2,False
2025-06-19 01:04:03.627985613+00:00,dior,17.568105216856793,2,False
2025-06-19 01:18:49.388065613+00:00,dior,17.424362810601433,2,False
2025-06-19 01:47:57.033539613+00:00,dior,17.174460206910457,2,False
2025-06-19 01:48:14.487047613+00:00,dior,17.124338124466604,2,False
2025-06-19 01:55:24.345906613+00:00,dior,14.962048525517396,2,False
2025-06-19 01:56:33.931932613+00:00,dior,14.870723868030106,2,False
2025-06-19 02:23:32.358152613+00:00,dior,17.118644589616856,2,False
2025-06-19 02:40:24.974907613+00:00,dior,16.889236534184793,2,False
2025-06-19 02:50:54.742256613+00:00,dior,16.728009389139913,2,False
2025-06-19 02:53:51.164544613+00:00,dior,16.74396259688142,2,False
2025-06-19 02:59:39.017052613+00:00,dior,16.70816127781332,2,False
2025-06-19 03:01:31.021749613+00:00,dior,16.74787499707806,2,False
2025-06-19 03:17:28.780629613+00:00,dior,16.558015766642903,2,False
2025-06-19 03:24:08.088525613+00:00,dior,16.566950296033035,2,False
2025-06-19 03:31:08.922383613+00:00,dior,16.597496364883174,2,False
2025-06-19 03:34:10.241414613+00:00,dior,16.537140402914396,2,False
2025-06-19 03:39:22.824622613+00:00,dior,16.52989707851062,2,False
2025-06-19 04:10:47.048117613+00:00,dior,17.041370422249553,2,False
2025-06-19 04:19:56.846763613+00:00,dior,17.521902473605103,2,False
2025-06-19 04:41:05.326696613+00:00,dior,18.74518267436073,2,False
2025-06-19 04:48:27.464204613+00:00,dior,19.31021795953293,2,False
2025-06-19 04:59:03.070661613+00:00,dior,20.187581580429683,2,False
2025-06-19 05:41:44.827316613+00:00,dior,22.426861304891965,2,False
2025-06-19 05:43:33.138816613+00:00,dior,22.320970318902567,2,False
2025-06-19 06:18:00.016306613+00:00,dior,24.464595830988472,2,False
2025-06-19 06:18:18.449558613+00:00,dior,24.500413692651165,2,False
2025-06-19 06:53:24.047218613+00:00,dior,25.91395874267121,2,False
2025-06-19 07:01:45.080681613+00:00,dior,26.21771511079522,2,False
2025-06-19 07:03:29.257616613+00:00,dior,26.40791006459164,2,False
2025-06-19 07:12:38.187723613+00:00,dior,26.91645585864343,2,False
2025-06-19 07:36:32.072550613+00:00,dior,27.815862414949272,2,False
2025-06-19 07:57:42.461133613+00:00,dior,28.45083330129371,2,False
2025-06-19 07:58:17.588118613+00:00,dior,28.54341341414007,2,False
2025-06-19 08:20:52.093912613+00:00,dior,29.34858049584686,2,False
