current_time,indexers_created,indexers_malign,indexers_banned,indexers_banned_malign,inferred_truth,avg_rep_benign,avg_rep_malign,mode,fail_counter,consolidated_result
2025-06-13 20:53:05.765543443+00:00,14,0,0,0,22.728876596052473,0.17523338989744905,0.0,zonia,0,False
2025-06-13 21:27:09.323230443+00:00,14,0,0,0,22.056715485299257,0.33519055482457183,0.0,zonia,0,False
2025-06-13 21:29:54.177563443+00:00,14,0,0,0,21.967807992076832,0.4153563170695807,0.0,zonia,0,False
2025-06-13 22:10:23.070594443+00:00,14,0,0,0,21.188715513246816,0.48361126574621444,0.0,zonia,0,False
2025-06-13 22:19:52.451367443+00:00,14,0,0,0,21.623589559022037,0.5619971617754936,0.0,zonia,0,False
2025-06-13 22:50:50.511787443+00:00,14,0,0,0,21.56799802153695,0.6259303518151446,0.0,zonia,0,False
2025-06-13 23:17:50.703932443+00:00,14,0,0,0,20.2642349127008,0.6531421893552034,0.0,zonia,0,False
2025-06-13 23:25:47.402269443+00:00,14,0,0,0,19.636564480660763,0.6800043157081755,0.0,zonia,0,False
2025-06-13 23:43:45.235587443+00:00,14,0,0,0,19.85970728861839,0.7176821686593157,0.0,zonia,0,False
2025-06-13 23:44:13.498439443+00:00,14,0,0,0,19.561051953327098,0.7783281754470105,0.0,zonia,0,False
2025-06-13 23:46:20.501778443+00:00,14,0,0,0,19.853880094543527,0.7986132428676591,0.0,zonia,0,False
2025-06-14 00:19:57.151791443+00:00,14,0,0,0,19.228147193475902,0.840164506980429,0.0,zonia,0,False
2025-06-14 00:35:31.609897443+00:00,14,0,0,0,19.44222387687355,0.8631060683351056,0.0,zonia,0,False
2025-06-14 01:01:49.955068443+00:00,14,0,0,0,18.88431573040525,0.8875699834734212,0.0,zonia,0,False
2025-06-14 01:19:15.410709443+00:00,14,0,0,0,18.610811484840003,0.9014096724075109,0.0,zonia,0,False
2025-06-14 01:24:41.264583443+00:00,14,0,0,0,19.023950389689567,0.9136468182154964,0.0,zonia,0,False
2025-06-14 01:38:12.466897443+00:00,14,0,0,0,18.428276949856244,0.9289557831522126,0.0,zonia,0,False
2025-06-14 01:52:16.471363443+00:00,14,0,0,0,17.869837558519585,0.9315481501893149,0.0,zonia,0,False
2025-06-14 01:55:10.346213443+00:00,14,0,0,0,17.659849167842427,0.9425252199445945,0.0,zonia,0,False
2025-06-14 02:06:27.420044443+00:00,14,0,0,0,18.10837810753697,0.9536079839818804,0.0,zonia,0,False
2025-06-14 02:15:05.917177443+00:00,14,0,0,0,17.540722990839768,0.9597240541566452,0.0,zonia,0,False
2025-06-14 02:18:54.811353443+00:00,14,0,0,0,17.684056070424468,0.9668933699642682,0.0,zonia,0,False
2025-06-14 02:35:03.204865443+00:00,14,0,0,0,17.761378548908223,0.9710455327968692,0.0,zonia,0,False
2025-06-14 02:41:54.058229443+00:00,14,0,0,0,17.39041312838429,0.9729829514493434,0.0,zonia,0,False
2025-06-14 03:17:34.840048443+00:00,14,0,0,0,17.144782137969145,0.9751794023876043,0.0,zonia,0,False
2025-06-14 03:34:46.435971443+00:00,14,0,0,0,16.654634816940927,0.9790743838913435,0.0,zonia,0,False
2025-06-14 03:49:05.059373443+00:00,14,0,0,0,16.913738406993208,0.9788091086492449,0.0,zonia,0,False
2025-06-14 03:54:45.834649443+00:00,14,0,0,0,16.74088712455816,0.9767979289079098,0.0,zonia,0,False
2025-06-14 04:20:01.991679443+00:00,14,0,0,0,17.751126240627453,0.9765321803432808,0.0,zonia,0,False
2025-06-14 04:39:21.129086443+00:00,14,0,0,0,18.81411389394603,0.9719969240521106,0.0,zonia,0,False
2025-06-14 05:07:29.408676443+00:00,14,0,0,0,20.671488204660594,0.9711657202292885,0.0,zonia,0,False
2025-06-14 05:08:31.169970443+00:00,14,0,0,0,20.562514149499346,0.9726372580049557,0.0,zonia,0,False
2025-06-14 05:31:09.750272443+00:00,14,0,0,0,21.79142476086231,0.9625694945880795,0.0,zonia,0,False
2025-06-14 06:34:41.234914443+00:00,14,0,0,0,25.563940138502257,0.9651243413645462,0.0,zonia,0,False
2025-06-14 06:37:20.323107443+00:00,14,0,0,0,26.06796001587081,0.964775641447605,0.0,zonia,0,False
2025-06-14 06:42:13.356099443+00:00,14,0,0,0,26.088885882550805,0.9631973917234952,0.0,zonia,0,False
2025-06-14 06:48:51.616503443+00:00,14,0,0,0,26.96008914232388,0.962696480709265,0.0,zonia,0,False
2025-06-14 07:16:43.807439443+00:00,14,0,0,0,27.723018095720363,0.9697759767790284,0.0,zonia,0,False
2025-06-14 07:32:24.266724443+00:00,14,0,0,0,28.376923431217286,0.9733304025643871,0.0,zonia,0,False
2025-06-14 07:32:49.441237443+00:00,14,0,0,0,28.50167063220301,0.9747072173141778,0.0,zonia,0,False
2025-06-14 07:41:55.122117443+00:00,14,0,0,0,28.639978157151585,0.9718760266654562,0.0,zonia,0,False
2025-06-14 07:57:27.220632443+00:00,14,0,0,0,29.497520661079406,0.9689671070142121,0.0,zonia,0,False
2025-06-14 07:58:34.741098443+00:00,14,0,0,0,29.731513868431264,0.9704479317952949,0.0,zonia,0,False
2025-06-14 08:43:46.069166443+00:00,14,0,0,0,31.022032545377744,0.9711112462523082,0.0,zonia,0,False
2025-06-14 08:56:34.253697443+00:00,14,0,0,0,31.279958655691544,0.9726433929151782,0.0,zonia,0,False
2025-06-14 08:59:53.755156443+00:00,14,0,0,0,31.278096721381296,0.9732409988181017,0.0,zonia,0,False
2025-06-14 09:20:36.033664443+00:00,14,0,0,0,31.4666193335431,0.9735716981817809,0.0,zonia,0,False
2025-06-14 09:35:26.928343443+00:00,14,0,0,0,32.11068993654929,0.9752038921054815,0.0,zonia,0,False
2025-06-14 09:52:49.483090443+00:00,14,0,0,0,32.83839600446142,0.9721363984510543,0.0,zonia,0,False
2025-06-14 09:57:35.939731443+00:00,14,0,0,0,32.953521655523765,0.9717351820839394,0.0,zonia,0,False
2025-06-14 10:14:52.306643443+00:00,14,0,0,0,32.837220942214714,0.9723027993162358,0.0,zonia,0,False
2025-06-14 10:29:49.396246443+00:00,14,0,0,0,33.217661440349076,0.9707282538484571,0.0,zonia,0,False
2025-06-14 10:30:07.510632443+00:00,14,0,0,0,33.42627583198394,0.9675094713547051,0.0,zonia,0,False
2025-06-14 11:08:25.697262443+00:00,14,0,0,0,34.082235994216745,0.971240047314496,0.0,zonia,0,False
2025-06-14 11:39:04.962786443+00:00,14,0,0,0,34.15557925165914,0.9700056087388683,0.0,zonia,0,False
2025-06-14 11:48:13.632846443+00:00,14,0,0,0,34.91351294341313,0.9675157243028748,0.0,zonia,0,False
2025-06-14 11:51:01.501353443+00:00,14,0,0,0,34.402201128242346,0.9632521315640119,0.0,zonia,0,False
2025-06-14 11:58:20.907054443+00:00,14,0,0,0,34.8816762742818,0.9670461696685398,0.0,zonia,0,False
2025-06-14 12:18:50.412020443+00:00,14,0,0,0,35.33104005867123,0.9701476356709459,0.0,zonia,0,False
2025-06-14 12:47:37.160490443+00:00,14,0,0,0,35.854177689424056,0.9701203764477372,0.0,zonia,0,False
2025-06-14 13:16:10.466592443+00:00,14,0,0,0,35.46343304364955,0.9720665249427316,0.0,zonia,0,False
2025-06-14 13:42:38.863377443+00:00,14,0,0,0,36.233329444144466,0.9724203351282147,0.0,zonia,0,False
2025-06-14 13:45:23.468996443+00:00,14,0,0,0,36.60136677674503,0.9722900529611355,0.0,zonia,0,False
2025-06-14 14:20:40.983051443+00:00,14,0,0,0,36.22503107125799,0.9733567855594849,0.0,zonia,0,False
2025-06-14 14:23:26.995581443+00:00,14,0,0,0,36.430492804088544,0.9764971770697638,0.0,zonia,0,False
2025-06-14 14:37:50.769860443+00:00,14,0,0,0,36.29122100229248,0.9813097341627222,0.0,zonia,0,False
2025-06-14 15:17:37.058760443+00:00,14,0,0,0,36.51873223640409,0.9798826731631595,0.0,zonia,0,False
2025-06-14 15:19:23.809619443+00:00,14,0,0,0,36.102628297651094,0.9820394584818412,0.0,zonia,0,False
2025-06-14 15:32:19.564220443+00:00,14,0,0,0,36.028824816825164,0.9797939588075965,0.0,zonia,0,False
2025-06-14 15:48:02.115657443+00:00,14,0,0,0,36.409478491042016,0.9747387348645141,0.0,zonia,0,False
2025-06-14 16:25:41.249465443+00:00,14,0,0,0,34.523696005822536,0.9648229745812342,0.0,zonia,0,False
2025-06-14 17:47:26.458398443+00:00,14,0,0,0,30.034762390860383,0.9671711221395354,0.0,zonia,0,False
2025-06-14 17:52:51.591738443+00:00,14,0,0,0,30.07778168244265,0.9656334833127983,0.0,zonia,0,False
2025-06-14 18:03:06.001762443+00:00,14,0,0,0,29.271248490659637,0.966215022383384,0.0,zonia,0,False
2025-06-14 18:07:49.658300443+00:00,14,0,0,0,29.11866608738365,0.9673844814549367,0.0,zonia,0,False
2025-06-14 18:38:42.938999443+00:00,14,0,0,0,27.866177489815815,0.968395344009605,0.0,zonia,0,False
2025-06-14 18:47:10.457829443+00:00,14,0,0,0,27.258372193861984,0.9773378881504248,0.0,zonia,0,False
2025-06-14 18:51:27.005157443+00:00,14,0,0,0,27.226353382864072,0.9755094783427058,0.0,zonia,0,False
2025-06-14 19:22:18.493722443+00:00,14,0,0,0,26.155434340924113,0.9771580488268868,0.0,zonia,0,False
2025-06-14 19:31:47.687856443+00:00,14,0,0,0,26.001358377217983,0.9785588936593798,0.0,zonia,0,False
2025-06-14 19:35:13.136688443+00:00,14,0,0,0,25.791496353645815,0.9801749591368768,0.0,zonia,0,False
2025-06-14 19:50:02.110797443+00:00,14,0,0,0,25.50714053564362,0.9812398092909913,0.0,zonia,0,False
2025-06-14 19:56:26.624010443+00:00,14,0,0,0,25.41298900341668,0.9830453245636231,0.0,zonia,0,False
2025-06-14 20:09:40.697912443+00:00,14,0,0,0,25.069018493642886,0.9852453971849269,0.0,zonia,0,False
2025-06-14 20:27:04.952148443+00:00,14,0,0,0,24.826430758395894,0.986670750414242,0.0,zonia,0,False
2025-06-14 20:44:15.110904443+00:00,14,0,0,0,24.424242252738406,0.9874819373950686,0.0,zonia,0,False
2025-06-14 20:54:31.988779443+00:00,14,0,0,0,24.562736700730287,0.9873417489782707,0.0,zonia,0,False
2025-06-14 21:22:22.091748443+00:00,14,0,0,0,24.2653362643651,0.9844436133345763,0.0,zonia,0,False
2025-06-14 21:32:22.306072443+00:00,14,0,0,0,25.259028817374194,0.9840657870368259,0.0,zonia,0,False
2025-06-14 21:37:29.224089443+00:00,14,0,0,0,25.175445455753007,0.9845827642219215,0.0,zonia,0,False
2025-06-14 21:41:25.180568443+00:00,14,0,0,0,25.23519037812872,0.9857212406630628,0.0,zonia,0,False
2025-06-14 21:42:02.327154443+00:00,14,0,0,0,25.335791291359865,0.986408208246763,0.0,zonia,0,False
2025-06-14 21:44:50.942001443+00:00,14,0,0,0,25.154280779219743,0.9883946859661047,0.0,zonia,0,False
2025-06-14 22:07:18.244754443+00:00,14,0,0,0,24.620623075955105,0.9856389733045862,0.0,zonia,0,False
2025-06-14 22:14:57.153786443+00:00,14,0,0,0,24.037800130347478,0.982173205502175,0.0,zonia,0,False
2025-06-14 22:16:56.926735443+00:00,14,0,0,0,24.263586711831532,0.9817845939555456,0.0,zonia,0,False
2025-06-14 22:40:19.439865443+00:00,14,0,0,0,23.751179737526222,0.9813202088920363,0.0,zonia,0,False
2025-06-14 22:46:31.273777443+00:00,14,0,0,0,23.64344173248186,0.9814380748671475,0.0,zonia,0,False
2025-06-14 22:50:58.854856443+00:00,14,0,0,0,23.239941588017604,0.9824341837568535,0.0,zonia,0,False
2025-06-14 22:55:28.195728443+00:00,14,0,0,0,23.51975091687834,0.9820254011117059,0.0,zonia,0,False
2025-06-14 23:05:50.506236443+00:00,14,0,0,0,23.332727948407094,0.9786399161273794,0.0,zonia,0,False
2025-06-14 23:12:06.830775443+00:00,14,0,0,0,23.384942332904846,0.978569292326002,0.0,zonia,0,False
2025-06-14 23:13:08.126590443+00:00,14,0,0,0,23.157301722332303,0.9797803448869074,0.0,zonia,0,False
2025-06-14 23:19:14.942034443+00:00,14,0,0,0,23.32895579270378,0.981238097642079,0.0,zonia,0,False
2025-06-14 23:41:31.199799443+00:00,14,0,0,0,22.913310230036238,0.9847373944039984,0.0,zonia,0,False
2025-06-14 23:52:41.359981443+00:00,14,0,0,0,22.919407422896956,0.9847910671699907,0.0,zonia,0,False
2025-06-14 23:56:53.160001443+00:00,14,0,0,0,22.76974552457834,0.9841677657854608,0.0,zonia,0,False
2025-06-15 00:13:10.819784443+00:00,14,0,0,0,22.602151835200626,0.9818889202652095,0.0,zonia,0,False
2025-06-15 00:25:53.998282443+00:00,14,0,0,0,22.836998418982848,0.977929473238782,0.0,zonia,0,False
2025-06-15 00:55:11.266895443+00:00,14,0,0,0,23.088679738466126,0.9826646829811692,0.0,zonia,0,False
2025-06-15 01:07:45.290543443+00:00,14,0,0,0,23.24540832583362,0.9822395141175664,0.0,zonia,0,False
2025-06-15 01:12:16.318943443+00:00,14,0,0,0,23.00890600500471,0.9823122231846987,0.0,zonia,0,False
2025-06-15 01:29:53.675512443+00:00,14,0,0,0,22.951614748034032,0.9813347485145443,0.0,zonia,0,False
2025-06-15 01:32:18.040514443+00:00,14,0,0,0,22.754416664229712,0.9822107724190482,0.0,zonia,0,False
2025-06-15 01:41:27.763968443+00:00,14,0,0,0,22.571839621768696,0.9821099252728237,0.0,zonia,0,False
2025-06-15 01:49:53.051688443+00:00,14,0,0,0,22.53470149226728,0.9831959674349072,0.0,zonia,0,False
2025-06-15 01:53:18.383468443+00:00,14,0,0,0,22.10860144517039,0.9842598455763679,0.0,zonia,0,False
2025-06-15 02:01:17.656560443+00:00,14,0,0,0,22.10681742547645,0.984672722396092,0.0,zonia,0,False
2025-06-15 02:55:20.115593443+00:00,14,0,0,0,21.877316608485824,0.9876420163256315,0.0,zonia,0,False
2025-06-15 03:07:56.744660443+00:00,14,0,0,0,21.45767052878827,0.9898656757728164,0.0,zonia,0,False
2025-06-15 03:09:21.333233443+00:00,14,0,0,0,21.46100938529131,0.9861361704791405,0.0,zonia,0,False
2025-06-15 03:33:56.307691443+00:00,14,0,0,0,20.86026896557919,0.9860282116231908,0.0,zonia,0,False
2025-06-15 03:39:24.090473443+00:00,14,0,0,0,20.89643252997519,0.9879484259357774,0.0,zonia,0,False
2025-06-15 03:57:58.913640443+00:00,14,0,0,0,20.707675676699296,0.987547044099324,0.0,zonia,0,False
2025-06-15 04:26:55.956710443+00:00,14,0,0,0,21.371298715170894,0.989080174538155,0.0,zonia,0,False
2025-06-15 04:39:00.121814443+00:00,14,0,0,0,22.13566483397114,0.9885085869417403,0.0,zonia,0,False
2025-06-15 04:44:58.904718443+00:00,14,0,0,0,22.929289788215446,0.986895009659702,0.0,zonia,0,False
2025-06-15 04:46:00.701666443+00:00,14,0,0,0,22.74781001218891,0.9869618834892069,0.0,zonia,0,False
2025-06-15 05:15:37.702255443+00:00,14,0,0,0,24.534373729131165,0.9751825701208651,0.0,zonia,0,False
2025-06-15 05:25:49.841615443+00:00,14,0,0,0,24.733772942421087,0.9715829106570883,0.0,zonia,0,False
2025-06-15 05:35:47.095017443+00:00,14,0,0,0,24.384788363592957,0.9765566691357374,0.0,zonia,0,False
2025-06-15 05:50:53.660207443+00:00,14,0,0,0,24.584861969200087,0.9758527779869353,0.0,zonia,0,False
2025-06-15 05:57:25.303009443+00:00,14,0,0,0,24.20527356813216,0.9761500916858358,0.0,zonia,0,False
2025-06-15 06:04:45.568610443+00:00,14,0,0,0,24.543925714379252,0.9772396389511984,0.0,zonia,0,False
2025-06-15 06:17:29.590370443+00:00,14,0,0,0,25.67824723371621,0.9781485955861724,0.0,zonia,0,False
2025-06-15 06:33:47.818187443+00:00,14,0,0,0,27.038087561066018,0.9763244784068462,0.0,zonia,0,False
2025-06-15 07:03:11.469837443+00:00,14,0,0,0,28.927493406145963,0.9744122083203838,0.0,zonia,0,False
2025-06-15 07:06:21.728666443+00:00,14,0,0,0,28.919108145452647,0.9669749261983916,0.0,zonia,0,False
2025-06-15 07:07:08.739063443+00:00,14,0,0,0,29.959545828244813,0.9715669320950714,0.0,zonia,0,False
2025-06-15 07:11:17.386008443+00:00,14,0,0,0,29.37081340041703,0.9671687523370828,0.0,zonia,0,False
2025-06-15 07:15:31.315232443+00:00,14,0,0,0,29.8824616961531,0.9667975897971542,0.0,zonia,0,False
2025-06-15 07:19:32.351878443+00:00,14,0,0,0,30.077785970790888,0.9714011447179779,0.0,zonia,0,False
2025-06-15 07:26:44.880327443+00:00,14,0,0,0,29.92165391818171,0.9738079913591063,0.0,zonia,0,False
2025-06-15 07:37:23.190271443+00:00,14,0,0,0,30.09685405659817,0.9760775659121312,0.0,zonia,0,False
2025-06-15 08:14:03.774949443+00:00,14,0,0,0,31.905357054525243,0.9784336197961336,0.0,zonia,0,False
2025-06-15 08:33:11.774670443+00:00,14,0,0,0,32.137265226897206,0.9758308987063014,0.0,zonia,0,False
2025-06-15 09:32:09.552613443+00:00,14,0,0,0,32.68445122306352,0.9760811953775403,0.0,zonia,0,False
2025-06-15 09:34:00.792873443+00:00,14,0,0,0,33.069096441884724,0.9754955199518164,0.0,zonia,0,False
2025-06-15 09:35:00.865283443+00:00,14,0,0,0,32.93281895435251,0.9772698511792071,0.0,zonia,0,False
2025-06-15 09:51:22.011239443+00:00,14,0,0,0,33.27988673099516,0.9729352957166272,0.0,zonia,0,False
2025-06-15 10:01:05.929294443+00:00,14,0,0,0,33.27133563374329,0.9724757250107263,0.0,zonia,0,False
2025-06-15 10:27:27.070840443+00:00,14,0,0,0,34.11013472284719,0.9767259954309145,0.0,zonia,0,False
2025-06-15 10:34:45.671148443+00:00,14,0,0,0,33.95623418756124,0.9775500097591647,0.0,zonia,0,False
2025-06-15 10:41:50.205154443+00:00,14,0,0,0,33.99929156135118,0.9809421280799099,0.0,zonia,0,False
2025-06-15 10:54:55.757376443+00:00,14,0,0,0,34.55435143690561,0.976400231972119,0.0,zonia,0,False
2025-06-15 10:56:20.488825443+00:00,14,0,0,0,34.44710277325239,0.9781070895460753,0.0,zonia,0,False
2025-06-15 11:04:38.209926443+00:00,14,0,0,0,34.81859121677506,0.9779793435567358,0.0,zonia,0,False
2025-06-15 11:06:36.355356443+00:00,14,0,0,0,34.3602956943783,0.9772433998102584,0.0,zonia,0,False
2025-06-15 11:21:05.313287443+00:00,14,0,0,0,34.528552171737964,0.9753574478250169,0.0,zonia,0,False
2025-06-15 11:55:12.915335443+00:00,14,0,0,0,35.77888536460989,0.9689731646102402,0.0,zonia,0,False
2025-06-15 11:57:53.116801443+00:00,14,0,0,0,35.31102048925695,0.9713322670860692,0.0,zonia,0,False
2025-06-15 12:09:48.147197443+00:00,14,0,0,0,35.203237402519434,0.975579340474552,0.0,zonia,0,False
2025-06-15 12:12:41.044046443+00:00,14,0,0,0,35.17912457545681,0.9730457066774351,0.0,zonia,0,False
2025-06-15 12:35:26.551001443+00:00,14,0,0,0,35.68974044481617,0.9761244158441312,0.0,zonia,0,False
2025-06-15 12:39:28.273888443+00:00,14,0,0,0,35.59825764262685,0.9779528468526602,0.0,zonia,0,False
2025-06-15 12:57:54.631504443+00:00,14,0,0,0,36.50197597830511,0.9719758848149848,0.0,zonia,0,False
2025-06-15 13:06:37.526232443+00:00,14,0,0,0,36.3022403891958,0.9727661064268424,0.0,zonia,0,False
2025-06-15 13:24:32.712006443+00:00,14,0,0,0,36.291685628733106,0.9749045517328748,0.0,zonia,0,False
2025-06-15 13:27:54.142295443+00:00,14,0,0,0,36.05626853516852,0.9774937975459855,0.0,zonia,0,False
2025-06-15 13:34:42.342979443+00:00,14,0,0,0,35.64256826511708,0.9776440572372991,0.0,zonia,0,False
2025-06-15 13:36:39.694563443+00:00,14,0,0,0,36.0405745009749,0.9722944967570173,0.0,zonia,0,False
2025-06-15 13:48:43.625547443+00:00,14,0,0,0,36.12686532575382,0.9643430717181108,0.0,zonia,0,False
2025-06-15 13:56:42.539454443+00:00,14,0,0,0,36.147673108830986,0.9615496652033562,0.0,zonia,0,False
2025-06-15 14:47:24.169893443+00:00,14,0,0,0,36.647372729571664,0.9524628635759748,0.0,zonia,0,False
2025-06-15 14:55:35.829947443+00:00,14,0,0,0,35.915383098194894,0.9474542509561499,0.0,zonia,0,False
2025-06-15 15:02:52.118835443+00:00,14,0,0,0,35.050707753862135,0.9328915913823003,0.0,zonia,0,False
2025-06-15 15:28:05.858747443+00:00,14,0,0,0,35.11650621524115,0.9286272670162699,0.0,zonia,0,False
2025-06-15 15:39:01.150430443+00:00,14,0,0,0,35.312232017698854,0.926822656206212,0.0,zonia,0,False
2025-06-15 15:56:35.017293443+00:00,14,0,0,0,33.82421149071001,0.9298044247404963,0.0,zonia,0,False
2025-06-15 16:36:14.883985443+00:00,14,0,0,0,31.649354905152833,0.9327275030277632,0.0,zonia,0,False
2025-06-15 16:38:37.684960443+00:00,14,0,0,0,31.74292674003324,0.9382458044648991,0.0,zonia,0,False
2025-06-15 16:52:21.565279443+00:00,14,0,0,0,31.402757338085763,0.9435012433750812,0.0,zonia,0,False
2025-06-15 17:14:05.945806443+00:00,14,0,0,0,30.704832200016188,0.9460032696391923,0.0,zonia,0,False
2025-06-15 17:25:48.551339443+00:00,14,0,0,0,30.251172786304974,0.9483865487914539,0.0,zonia,0,False
2025-06-15 17:47:36.738267443+00:00,14,0,0,0,29.69980445110821,0.9511660177252557,0.0,zonia,0,False
2025-06-15 18:31:34.654257443+00:00,14,0,0,0,28.63524404518683,0.9532108453638984,0.0,zonia,0,False
2025-06-15 18:34:54.630970443+00:00,14,0,0,0,28.55684550744234,0.9539829916411222,0.0,zonia,0,False
2025-06-15 19:23:04.553635443+00:00,14,0,0,0,27.286392348589565,0.9562347254111054,0.0,zonia,0,False
2025-06-15 19:23:28.403280443+00:00,14,0,0,0,27.310841872364286,0.960146667299225,0.0,zonia,0,False
2025-06-15 19:34:10.016181443+00:00,14,0,0,0,27.0664756554019,0.9609314762146439,0.0,zonia,0,False
2025-06-15 19:40:43.141403443+00:00,14,0,0,0,26.887433399643726,0.9605654096668983,0.0,zonia,0,False
2025-06-15 19:54:43.711868443+00:00,14,0,0,0,26.81686167658928,0.961754745151992,0.0,zonia,0,False
2025-06-15 20:10:55.424916443+00:00,14,6,0,0,26.46111064688553,0.9878787127374349,0.7753147176276803,zonia,0,False
2025-06-15 20:27:04.100917443+00:00,14,6,0,0,26.483436033907505,0.9912498021772941,0.6248889150733349,zonia,0,False
2025-06-15 20:33:55.373833443+00:00,14,6,0,0,26.223153259949513,0.9899088258427798,0.5062674356127116,zonia,0,False
2025-06-15 20:50:48.743383443+00:00,14,6,0,0,25.911829919756574,0.9876853750703409,0.5062674356127116,zonia,0,False
2025-06-15 20:52:37.395462443+00:00,14,6,0,0,26.13132971490684,0.9893049192818697,0.35448504347563353,zonia,0,False
2025-06-15 20:55:17.567207443+00:00,14,6,0,0,26.07308596691127,0.9893211130690787,0.29266291757515445,zonia,0,False
2025-06-15 21:13:43.530681443+00:00,14,6,0,0,25.85229938511155,0.9866446324327105,0.1424866998042601,zonia,0,False
2025-06-15 21:28:32.431356443+00:00,14,6,0,0,25.45489703798141,0.9865822781452402,-0.007303281496152743,zonia,0,False
2025-06-15 21:52:37.550049443+00:00,14,6,0,0,24.904327604351803,0.986035637767071,-0.08474571428787998,zonia,0,False
2025-06-15 21:54:53.616716443+00:00,14,6,0,0,24.43294263274542,0.9833386118153299,-0.08474571428787998,zonia,0,False
2025-06-15 21:55:14.413350443+00:00,14,6,0,0,24.695860843249516,0.9848044078555803,-0.15952607963447585,zonia,0,False
2025-06-15 22:41:02.398253443+00:00,14,6,0,0,23.85846308176325,0.9848121503831422,-0.38112636362572777,zonia,0,False
2025-06-15 23:05:24.302472443+00:00,14,6,0,0,23.441839548780113,0.9872757981977837,-0.4522156255734671,zonia,0,False
2025-06-15 23:30:37.317067443+00:00,14,6,0,0,22.9872511001974,0.9888970442303476,-0.507299294886319,zonia,0,False
2025-06-15 23:30:58.141780443+00:00,14,6,0,0,23.14093757200603,0.9899237463968873,-0.5457957310220333,zonia,0,False
2025-06-15 23:38:27.150517443+00:00,14,6,0,0,23.17172244043737,0.9908918671364633,-0.5861095094345833,zonia,0,False
2025-06-15 23:42:54.978200443+00:00,14,6,0,0,23.174022850987615,0.9914111553767879,-0.5861095094345833,zonia,0,False
2025-06-15 23:47:05.217867443+00:00,14,6,0,0,23.196901598478064,0.9926648635196553,-0.6122371134910773,zonia,0,False
2025-06-15 23:54:21.198303443+00:00,14,6,0,0,23.492978295242498,0.9931202386983928,-0.6347131350314226,zonia,0,False
2025-06-16 00:00:35.621364443+00:00,14,6,0,0,23.325886581376317,0.9930268519234996,-0.6347131350314226,zonia,0,False
2025-06-16 00:10:08.516163443+00:00,14,6,0,0,23.386403272593363,0.7166417667312559,0.0,zonia,0,False
2025-06-16 00:15:08.553386443+00:00,14,6,0,0,23.395188754272464,0.7623896694476213,0.0,zonia,0,False
2025-06-16 00:22:47.067005443+00:00,14,6,0,0,23.320326060372416,0.7845366330674342,0.0,zonia,0,False
2025-06-16 00:23:28.027248443+00:00,14,6,0,0,23.205066617889326,0.9319199730098784,0.0,zonia,0,False
2025-06-16 00:26:27.363653443+00:00,14,6,0,0,22.960440823297816,0.9813481849336099,0.0,zonia,0,False
2025-06-16 00:47:35.664998443+00:00,14,6,0,0,23.444827186932937,0.9825411762737417,0.0,zonia,0,False
2025-06-16 00:48:02.247497443+00:00,14,6,0,0,23.18820349083381,1.0321725941468056,0.0,zonia,0,False
2025-06-16 00:50:53.951224443+00:00,14,6,0,0,23.249243292097947,1.0392533912376696,0.0,zonia,0,False
2025-06-16 01:37:13.560664443+00:00,14,6,0,0,22.932226753558876,1.2449901153670377,0.0,zonia,0,False
2025-06-16 01:44:25.426698443+00:00,14,6,0,0,22.416322679470927,1.3594097845078232,0.0,zonia,0,False
2025-06-16 01:51:10.592578443+00:00,14,6,0,0,22.156165418173178,1.4275321154897433,0.0,zonia,0,False
2025-06-16 01:51:54.092941443+00:00,14,6,0,0,22.505093200590416,1.4808248623631122,0.0,zonia,0,False
2025-06-16 02:06:29.249657443+00:00,14,6,0,0,22.09356483726043,1.5151953318531717,0.0,zonia,0,False
2025-06-16 02:39:14.205572443+00:00,14,6,0,0,22.67655654106408,1.5279326201353876,0.0,zonia,0,False
2025-06-16 02:39:34.097387443+00:00,14,6,0,0,22.583965398087997,1.5386564655477761,0.0,zonia,0,False
2025-06-16 03:07:23.671415443+00:00,14,6,0,0,22.527651483017262,1.5716938643682488,0.0,zonia,0,False
2025-06-16 03:19:41.070663443+00:00,14,6,0,0,22.181385996696445,1.621279114727707,0.0,zonia,0,False
2025-06-16 03:50:48.480406443+00:00,14,6,0,0,21.72352620203423,1.6244520367997546,0.0,zonia,0,False
2025-06-16 04:04:07.519550443+00:00,14,6,0,0,21.785869912502193,1.633685909543437,0.0,zonia,0,False
2025-06-16 04:33:57.700043443+00:00,14,6,0,0,22.56990333707001,1.6804648088969343,0.0,zonia,0,False
2025-06-16 04:48:02.897376443+00:00,14,6,0,0,23.511125322396804,1.6810392905928666,0.0,zonia,0,False
2025-06-16 05:12:04.992487443+00:00,14,6,0,0,24.754697261206392,1.6955385295441145,0.0,zonia,0,False
2025-06-16 05:39:56.802320443+00:00,14,6,0,0,26.319420801471054,1.695642933668455,0.0,zonia,0,False
2025-06-16 06:15:24.233960443+00:00,14,6,0,0,27.434778899226036,1.6985665048758003,0.0,zonia,0,False
2025-06-16 06:18:51.909385443+00:00,14,6,0,0,27.509377220232015,1.6996061846473778,0.0,zonia,0,False
2025-06-16 06:25:49.718097443+00:00,14,6,0,0,27.895602169174463,1.7055510189623533,0.0,zonia,0,False
2025-06-16 06:37:09.114291443+00:00,14,6,0,0,28.002995662534243,1.708497350844156,0.0,zonia,0,False
2025-06-16 07:00:28.269520443+00:00,14,6,0,0,28.749143814731852,1.7083943437977602,0.0,zonia,0,False
2025-06-16 07:19:50.049917443+00:00,14,6,0,0,28.759270454163,1.707766284454261,0.0,zonia,0,False
2025-06-16 07:21:45.156645443+00:00,14,6,0,0,29.058549505235018,1.7089897021911111,0.0,zonia,0,False
2025-06-16 07:22:05.919869443+00:00,14,6,0,0,28.76108843060633,1.7102955340418717,0.0,zonia,0,False
2025-06-16 07:25:09.394037443+00:00,14,6,0,0,28.999799506633938,1.7138165622243156,0.0,zonia,0,False
2025-06-16 07:25:28.549411443+00:00,14,6,0,0,29.06354991302794,1.7200588836523496,0.0,zonia,0,False
2025-06-16 07:35:31.276310443+00:00,14,6,0,0,29.439124942186897,1.7171481755065017,0.0,zonia,0,False
2025-06-16 07:59:18.642868443+00:00,14,6,0,0,29.835174983582846,1.7095616601202503,0.0,zonia,0,False
2025-06-16 08:21:42.579452443+00:00,14,6,0,0,30.140366326069266,1.707137895915331,0.0,zonia,0,False
2025-06-16 08:23:18.674250443+00:00,14,6,0,0,29.99387373691094,1.7095379060087537,0.0,zonia,0,False
2025-06-16 08:30:31.961206443+00:00,14,6,0,0,30.420817163923815,1.7161541048426845,0.0,zonia,0,False
2025-06-16 09:06:40.533323443+00:00,14,6,0,0,30.679277274859025,1.7145548699862536,0.0,zonia,0,False
2025-06-16 09:31:30.090637443+00:00,14,6,0,0,30.989003841490742,1.7150596166185577,0.0,zonia,0,False
2025-06-16 10:03:30.478262443+00:00,14,6,0,0,31.200962313516463,1.7150481963339388,0.0,zonia,0,False
2025-06-16 10:07:33.944494443+00:00,14,6,0,0,31.27609298034504,1.7097421921345752,0.0,zonia,0,False
2025-06-16 10:12:51.657526443+00:00,14,6,0,0,31.354679714902407,1.6972376416188062,0.0,zonia,0,False
2025-06-16 11:00:26.753358443+00:00,14,6,0,0,31.550862270333205,1.7110131296958973,0.0,zonia,0,False
2025-06-16 11:29:33.124527443+00:00,14,6,0,0,31.68668779039681,1.7123470576932516,0.0,zonia,0,False
2025-06-16 11:35:31.698950443+00:00,14,6,0,0,31.576387174761482,1.7081608371698693,0.0,zonia,0,False
2025-06-16 11:36:18.069518443+00:00,14,6,0,0,31.642083875967913,1.7035821402819458,0.0,zonia,0,False
2025-06-16 11:49:29.942117443+00:00,14,6,0,0,31.377267387551758,1.691334612689057,0.0,zonia,0,False
2025-06-16 12:46:56.272826443+00:00,14,6,0,0,28.74359137074726,1.7067782239592395,0.0,zonia,0,False
2025-06-16 13:05:03.272114443+00:00,14,6,0,0,28.08277129874894,1.7070811022936543,0.0,zonia,0,False
2025-06-16 13:06:50.609995443+00:00,14,6,0,0,27.840643070041992,1.7092236830353402,0.0,zonia,0,False
2025-06-16 13:13:07.690197443+00:00,14,6,0,0,27.5951827613216,1.709483241956083,0.0,zonia,0,False
2025-06-16 13:15:51.920925443+00:00,14,6,0,0,27.64602170255061,1.706250811670234,0.0,zonia,0,False
2025-06-16 13:22:07.160463443+00:00,14,6,0,0,27.680665472013004,1.7135136722438118,0.0,zonia,0,False
2025-06-16 13:26:45.105734443+00:00,14,6,0,0,27.247043539658073,1.6910437088875216,0.0,zonia,0,False
2025-06-16 13:29:15.458159443+00:00,14,6,0,0,27.241286510837977,1.6949439124507193,0.0,zonia,0,False
2025-06-16 13:39:11.742579443+00:00,14,6,0,0,27.374697519763355,1.6960246344929137,0.0,zonia,0,False
2025-06-16 13:55:18.502346443+00:00,14,6,0,0,26.337793159357016,1.6929646718345455,0.0,zonia,0,False
2025-06-16 14:13:44.643454443+00:00,14,6,0,0,22.99829055656175,1.6157077609178583,0.0,zonia,0,False
2025-06-16 14:32:57.209864443+00:00,14,6,0,0,19.072550759066853,1.6344639651034738,0.0,zonia,0,False
2025-06-16 14:43:44.027616443+00:00,14,6,0,0,18.233749104985815,1.6699300842801512,0.0,zonia,0,False
2025-06-16 14:54:33.471868443+00:00,14,6,0,0,18.22092874893068,1.6966510381201483,0.0,zonia,0,False
2025-06-16 15:27:03.739557443+00:00,14,6,0,0,18.54594739832247,1.7072407401678509,0.0,zonia,0,False
2025-06-16 15:28:20.231518443+00:00,14,6,0,0,18.542928107300515,1.7115035579513267,0.0,zonia,0,False
2025-06-16 15:56:07.899440443+00:00,14,6,0,0,18.371801405754148,1.7190531494890964,0.0,zonia,0,False
2025-06-16 15:57:23.372207443+00:00,14,6,0,0,18.321042802977264,1.7295955209049503,0.0,zonia,0,False
2025-06-16 16:36:10.747445443+00:00,14,6,0,0,18.345725648548246,1.7312808423255304,0.0,zonia,0,False
2025-06-16 16:43:48.650199443+00:00,14,6,0,0,18.275380731718215,1.7373698711609704,0.0,zonia,0,False
2025-06-16 16:44:10.078672443+00:00,14,6,0,0,18.265251626529203,1.739243466043624,0.0,zonia,0,False
2025-06-16 17:59:45.800593443+00:00,14,6,0,0,20.167666577149667,1.7359314506382588,0.0,zonia,0,False
2025-06-16 18:23:11.777322443+00:00,14,6,0,0,20.000635619370176,1.7338312099940034,0.0,zonia,0,False
2025-06-16 18:30:10.179771443+00:00,14,6,0,0,19.84438730974917,1.734050425639106,0.0,zonia,0,False
2025-06-16 18:51:45.103941443+00:00,14,6,0,0,19.508625139846156,1.733837042831415,0.0,zonia,0,False
2025-06-16 19:28:00.783766443+00:00,14,6,0,0,19.030502253365455,1.735579850317333,0.0,zonia,0,False
2025-06-16 19:40:44.838354443+00:00,14,6,0,0,18.835702472021357,1.7366522131192965,0.0,zonia,0,False
2025-06-16 19:46:39.012031443+00:00,14,6,0,0,18.505223381206896,1.737732769402324,0.0,zonia,0,False
2025-06-16 19:52:22.128978443+00:00,14,6,0,0,18.507753106670016,1.7348893328560067,0.0,zonia,0,False
2025-06-16 19:52:54.459815443+00:00,14,6,0,0,18.313491075518517,1.7366072421965266,0.0,zonia,0,False
2025-06-16 20:14:39.258745443+00:00,14,6,0,0,17.991497304547913,1.7334059521143177,0.0,zonia,0,False
2025-06-16 20:42:37.314171443+00:00,14,6,0,0,17.844358308662322,1.733524374546532,0.0,zonia,0,False
2025-06-16 20:49:09.143906443+00:00,14,6,0,0,17.862263832630184,1.730113424392871,0.0,zonia,0,False
2025-06-16 21:12:44.626924443+00:00,14,6,0,0,17.99768394831844,1.7253986997865645,0.0,zonia,0,False
2025-06-16 21:31:59.777114443+00:00,14,6,0,0,18.297113237709187,1.7222605221468688,0.0,zonia,0,False
2025-06-16 21:41:05.714130443+00:00,14,6,0,0,18.366297967804268,1.7215293780919698,0.0,zonia,0,False
2025-06-16 21:41:36.534214443+00:00,14,6,0,0,18.297326739224854,1.7223035132115,0.0,zonia,0,False
2025-06-16 21:44:48.602649443+00:00,14,6,0,0,18.28142939894057,1.7257880375964594,0.0,zonia,0,False
2025-06-16 21:57:09.049788443+00:00,14,6,0,0,18.422621542336714,1.7273175454888428,0.0,zonia,0,False
2025-06-16 22:00:21.153048443+00:00,14,6,0,0,18.32129143242308,1.7299982647211296,0.0,zonia,0,False
2025-06-16 22:05:48.779873443+00:00,14,6,0,0,18.285482065521634,1.731232505453964,0.0,zonia,0,False
2025-06-16 22:06:57.023068443+00:00,14,6,0,0,18.2191037182894,1.7337235265705302,0.0,zonia,0,False
2025-06-16 22:09:41.315364443+00:00,14,6,0,0,18.2919121166947,1.735536797189636,0.0,zonia,0,False
2025-06-16 22:29:34.801590443+00:00,14,6,0,0,18.293004248606515,1.7366505084944739,0.0,zonia,0,False
2025-06-16 22:40:39.591857443+00:00,14,6,0,0,18.39572846143259,1.737138654356634,0.0,zonia,0,False
2025-06-16 22:40:47.166923443+00:00,14,6,0,0,18.412810015897744,1.7366800675910448,0.0,zonia,0,False
2025-06-16 22:51:17.021446443+00:00,14,6,0,0,18.30783104876132,1.7376193347394866,0.0,zonia,0,False
2025-06-16 23:08:37.023118443+00:00,14,6,0,0,18.3123243066136,1.7391651025448633,0.0,zonia,0,False
2025-06-16 23:12:28.586850443+00:00,14,6,0,0,18.227693269628425,1.7406968668054987,0.0,zonia,0,False
2025-06-16 23:37:26.010589443+00:00,14,6,0,0,18.290072062699597,1.7413042462154558,0.0,zonia,0,False
2025-06-17 00:25:18.120400443+00:00,14,6,0,0,18.19272620154312,1.742409758800689,0.0,zonia,0,False
2025-06-17 01:15:33.350628443+00:00,14,6,0,0,18.240343156744167,1.7417455816082352,0.0,zonia,0,False
2025-06-17 01:24:39.235651443+00:00,14,6,0,0,18.211703922201167,1.741695329667641,0.0,zonia,0,False
2025-06-17 01:27:57.255449443+00:00,14,6,0,0,18.27708216541815,1.741684666723773,0.0,zonia,0,False
2025-06-17 01:29:53.878286443+00:00,14,6,0,0,18.34920935225817,1.7418843290862174,0.0,zonia,0,False
2025-06-17 01:44:56.496790443+00:00,14,6,0,0,18.094003348236626,1.7416365423997549,0.0,zonia,0,False
2025-06-17 02:06:50.705043443+00:00,14,6,0,0,17.957319437121786,1.7418196675627673,0.0,zonia,0,False
2025-06-17 02:25:50.365164443+00:00,14,6,0,0,17.688294437360376,1.7423824099326433,0.0,zonia,0,False
2025-06-17 02:26:18.347975443+00:00,14,6,0,0,17.707169772654357,1.7421709348911416,0.0,zonia,0,False
2025-06-17 02:52:00.928400443+00:00,14,6,0,0,17.457154960338293,1.7426667322912457,0.0,zonia,0,False
2025-06-17 03:00:17.536923443+00:00,14,6,0,0,17.554266566340974,1.7432657051513363,0.0,zonia,0,False
2025-06-17 03:00:54.144621443+00:00,14,6,0,0,17.527189292366213,1.7446557186975893,0.0,zonia,0,False
2025-06-17 03:07:23.920848443+00:00,14,6,0,0,17.49048305199794,1.7445963951210435,0.0,zonia,0,False
2025-06-17 03:27:34.566245443+00:00,14,6,0,0,17.606493708244262,1.744331212686871,0.0,zonia,0,False
2025-06-17 03:28:44.253473443+00:00,14,6,0,0,17.500650371295876,1.7445734011277065,0.0,zonia,0,False
2025-06-17 03:35:44.359095443+00:00,14,6,0,0,17.53494273077729,1.7448228587985513,0.0,zonia,0,False
2025-06-17 03:47:49.380654443+00:00,14,6,0,0,17.59344046841666,1.7453054655651514,0.0,zonia,0,False
2025-06-17 03:53:50.999711443+00:00,14,6,0,0,17.564061497747367,1.7453885540804617,0.0,zonia,0,False
2025-06-17 03:57:43.190347443+00:00,14,6,0,0,17.64588460531122,1.7455342975928303,0.0,zonia,0,False
2025-06-17 04:07:46.222649443+00:00,14,6,0,0,17.67046869780726,1.7457278949633175,0.0,zonia,0,False
2025-06-17 04:48:05.551177443+00:00,14,6,0,0,17.727385240510326,1.7460797646798791,0.0,zonia,0,False
2025-06-17 05:02:56.510238443+00:00,14,6,0,0,17.796257671492853,1.7450747114310214,0.0,zonia,0,False
2025-06-17 05:20:56.599276443+00:00,14,6,0,0,17.834646383091094,1.7450491785137388,0.0,zonia,0,False
2025-06-17 05:28:15.292179443+00:00,14,6,0,0,17.751661458642523,1.7458624137527083,0.0,zonia,0,False
2025-06-17 05:55:27.251825443+00:00,14,6,0,0,17.907687028784913,1.7453489728555491,0.0,zonia,0,False
2025-06-17 06:03:18.711329443+00:00,14,6,0,0,18.018342266634896,1.7416438939897807,0.0,zonia,0,False
2025-06-17 06:07:19.672305443+00:00,14,6,0,0,17.96719833609647,1.7411523432953755,0.0,zonia,0,False
2025-06-17 06:30:49.916100443+00:00,14,6,0,0,18.250888666032452,1.7401610744387905,0.0,zonia,0,False
2025-06-17 06:42:55.052508443+00:00,14,6,0,0,18.326009889996236,1.7405706996685535,0.0,zonia,0,False
2025-06-17 07:00:54.634781443+00:00,14,6,0,0,18.504501437565068,1.7394232413586823,0.0,zonia,0,False
2025-06-17 07:22:48.112158443+00:00,14,6,0,0,18.92525533433118,1.7410371013030321,0.0,zonia,0,False
2025-06-17 07:24:15.903103443+00:00,14,6,0,0,18.959697371211167,1.7415125638608335,0.0,zonia,0,False
2025-06-17 07:45:53.935940443+00:00,14,6,0,0,19.316085098340874,1.7415105679887213,0.0,zonia,0,False
2025-06-17 08:00:33.907348443+00:00,14,6,0,0,19.508139070912808,1.7416329577907759,0.0,zonia,0,False
2025-06-17 08:35:23.684691443+00:00,14,6,0,0,19.504088801847956,1.7400500572787903,0.0,zonia,0,False
2025-06-17 09:10:18.647788443+00:00,14,6,0,0,20.652873916791165,1.737603706514348,0.0,zonia,0,False
2025-06-17 09:13:19.196978443+00:00,14,6,0,0,20.662900228800183,1.7228434132066184,0.0,zonia,0,False
2025-06-17 09:21:16.053466443+00:00,14,6,0,0,21.22885737819298,1.7203490737980123,0.0,zonia,0,False
2025-06-17 09:41:14.850089443+00:00,14,6,0,0,21.098031430029156,1.7218100006583796,0.0,zonia,0,False
2025-06-17 09:43:56.189009443+00:00,14,6,0,0,21.262050910347618,1.7146738777516979,0.0,zonia,0,False
2025-06-17 09:45:00.781397443+00:00,14,6,0,0,21.29537343385828,1.714491765075059,0.0,zonia,0,False
2025-06-17 09:49:25.230411443+00:00,14,6,0,0,21.28657758866075,1.7188216483694962,0.0,zonia,0,False
2025-06-17 10:26:57.834980443+00:00,14,6,0,0,22.508374271631755,1.7177649468445042,0.0,zonia,0,False
2025-06-17 10:33:41.789468443+00:00,14,6,0,0,22.670446364609294,1.7189546497733537,0.0,zonia,0,False
2025-06-17 11:53:12.149015443+00:00,14,6,0,0,24.474302119172744,1.7187613904406815,0.0,zonia,0,False
2025-06-17 11:59:50.982520443+00:00,14,6,0,0,24.91907176977072,1.6969423914537116,0.0,zonia,0,False
2025-06-17 12:15:08.139747443+00:00,14,6,0,0,25.014754777859913,1.696119793050114,0.0,zonia,0,False
2025-06-17 12:25:32.177046443+00:00,14,6,0,0,25.47735069407531,1.7016813134466786,0.0,zonia,0,False
2025-06-17 12:39:16.941820443+00:00,14,6,0,0,24.906752657146466,1.7008941307005292,0.0,zonia,0,False
2025-06-17 12:44:39.480263443+00:00,14,6,0,0,25.546181706198944,1.7075989413354358,0.0,zonia,0,False
2025-06-17 12:51:23.068918443+00:00,14,6,0,0,25.520839063799702,1.7032256460515742,0.0,zonia,0,False
2025-06-17 13:49:52.741690443+00:00,14,6,0,0,26.627056611236597,1.6741809933174934,0.0,zonia,0,False
2025-06-17 13:58:02.176108443+00:00,14,6,0,0,27.178471628805557,1.6723372173478501,0.0,zonia,0,False
2025-06-17 14:29:38.348678443+00:00,14,6,0,0,27.1825105327361,1.672188390616608,0.0,zonia,0,False
2025-06-17 14:38:26.827612443+00:00,14,6,0,0,27.35327317726477,1.683157542598727,0.0,zonia,0,False
2025-06-17 14:44:34.624496443+00:00,14,6,0,0,27.394687118693906,1.6879568048733355,0.0,zonia,0,False
2025-06-17 15:05:20.941143443+00:00,14,6,0,0,27.12947732417679,1.6874646840587553,0.0,zonia,0,False
2025-06-17 15:09:46.786080443+00:00,14,6,0,0,27.237700173772474,1.6825160284891756,0.0,zonia,0,False
2025-06-17 15:21:33.686698443+00:00,14,6,0,0,27.903772558178694,1.6825721594241931,0.0,zonia,0,False
2025-06-17 15:53:02.597262443+00:00,14,6,0,0,27.52842390336176,1.684814737714693,0.0,zonia,0,False
2025-06-17 15:55:45.933689443+00:00,14,6,0,0,27.262483802306594,1.6830729602104821,0.0,zonia,0,False
2025-06-17 15:56:02.039343443+00:00,14,6,0,0,27.50684528649869,1.6849495139413844,0.0,zonia,0,False
2025-06-17 16:11:51.186320443+00:00,14,6,0,0,27.652155282235366,1.6809408193422268,0.0,zonia,0,False
2025-06-17 16:32:30.575411443+00:00,14,6,0,0,27.16139612620944,1.6795519344648815,0.0,zonia,0,False
2025-06-17 16:50:04.933694443+00:00,14,6,0,0,26.723861388175365,1.6705228838622037,0.0,zonia,0,False
2025-06-17 16:54:54.906888443+00:00,14,6,0,0,26.889407037220945,1.6643813702273924,0.0,zonia,0,False
2025-06-17 16:55:38.612730443+00:00,14,6,0,0,26.99571130784204,1.6654643712026194,0.0,zonia,0,False
2025-06-17 17:03:03.383800443+00:00,14,6,0,0,26.322577705741992,1.664977276941592,0.0,zonia,0,False
2025-06-17 17:12:26.909381443+00:00,14,6,0,0,26.579087969816243,1.6686029439058128,0.0,zonia,0,False
2025-06-17 18:08:14.893573443+00:00,14,6,0,0,22.9053673595053,1.6728619445731432,0.0,zonia,0,False
2025-06-17 18:32:20.455979443+00:00,14,6,0,0,21.702382751541588,1.6771512063676546,0.0,zonia,0,False
2025-06-17 18:43:35.610352443+00:00,14,6,0,0,21.794033487706926,1.687246576132186,0.0,zonia,0,False
2025-06-17 19:00:40.831861443+00:00,14,6,0,0,21.282902935534953,1.694527641595423,0.0,zonia,0,False
2025-06-17 19:05:10.000358443+00:00,14,6,0,0,20.599986881446014,1.6987699174158333,0.0,zonia,0,False
2025-06-17 19:21:03.117297443+00:00,14,6,0,0,20.764977893357297,1.691372797836684,0.0,zonia,0,False
2025-06-17 19:30:53.367343443+00:00,14,6,0,0,19.670331260615185,1.678888374552141,0.0,zonia,0,False
2025-06-17 19:36:40.029886443+00:00,14,6,0,0,20.003730257866394,1.6628554788170307,0.0,zonia,0,False
2025-06-17 19:47:33.239238443+00:00,14,6,0,0,19.48505180816288,1.6523221840898425,0.0,zonia,0,False
2025-06-17 20:39:53.463252443+00:00,14,6,0,0,18.34415215280352,1.6468586065493738,0.0,zonia,0,False
2025-06-17 20:56:12.724998443+00:00,14,6,0,0,18.007530670888254,1.6378024179278503,0.0,zonia,0,False
2025-06-17 21:04:40.326079443+00:00,14,6,0,0,18.076519111583025,1.6377178194395452,0.0,zonia,0,False
2025-06-17 21:16:05.876306443+00:00,14,6,0,0,17.094626484319594,1.6470778444428367,0.0,zonia,0,False
2025-06-17 21:48:30.608757443+00:00,14,6,0,0,17.06488177889785,1.663377127016828,0.0,zonia,0,False
2025-06-17 22:05:26.466465443+00:00,14,6,0,0,16.934407083133856,1.6752109249471099,0.0,zonia,0,False
2025-06-17 22:12:49.215930443+00:00,14,6,0,0,17.047378554429653,1.6913362138508494,0.0,zonia,0,False
2025-06-17 22:38:36.731360443+00:00,14,6,0,0,16.7190034249021,1.6933963959747764,0.0,zonia,0,False
2025-06-17 23:09:34.451866443+00:00,14,6,0,0,16.5240440723328,1.699484168215772,0.0,zonia,0,False
2025-06-17 23:22:12.690561443+00:00,14,6,0,0,16.314129448408476,1.7029225673758737,0.0,zonia,0,False
2025-06-17 23:44:02.087194443+00:00,14,6,0,0,16.09132047450506,1.7098791087187242,0.0,zonia,0,False
2025-06-17 23:46:40.659933443+00:00,14,6,0,0,16.209795035857407,1.7166511844991537,0.0,zonia,0,False
2025-06-18 00:01:54.947116443+00:00,14,6,0,0,15.986481069629486,1.7193028668824133,0.0,zonia,0,False
2025-06-18 00:05:01.501614443+00:00,14,6,0,0,15.988496431708208,1.7222573245356103,0.0,zonia,0,False
2025-06-18 00:25:16.491597443+00:00,14,6,0,0,15.862624569574184,1.7248982490387754,0.0,zonia,0,False
2025-06-18 00:33:22.832734443+00:00,14,6,0,0,15.708235445712141,1.7260610350211223,0.0,zonia,0,False
2025-06-18 00:39:03.168560443+00:00,14,6,0,0,15.56475571177338,1.7272005074360006,0.0,zonia,0,False
2025-06-18 01:06:22.349241443+00:00,14,6,0,0,15.348573486170904,1.7312698971572915,0.0,zonia,0,False
2025-06-18 01:13:13.486311443+00:00,14,6,0,0,15.412539875508923,1.730316306974589,0.0,zonia,0,False
2025-06-18 01:30:40.378305443+00:00,14,6,0,0,15.420851568008946,1.7318527820372418,0.0,zonia,0,False
2025-06-18 01:51:15.812792443+00:00,14,6,0,0,15.137976263882539,1.7329760624044377,0.0,zonia,0,False
2025-06-18 02:01:56.732640443+00:00,14,6,0,0,14.997635760575832,1.6294000124614114,0.0,zonia,0,False
2025-06-18 02:06:43.259488443+00:00,14,6,0,0,14.948185246865373,1.6823345033075185,0.0,zonia,0,False
2025-06-18 02:25:39.346543443+00:00,14,6,0,0,14.93416426843179,1.6822419564264621,0.0,zonia,0,False
2025-06-18 02:48:54.711862443+00:00,14,6,0,0,14.530675430441285,1.6834483201155066,0.0,zonia,0,False
2025-06-18 03:15:34.686601443+00:00,14,6,0,0,14.695255668674537,1.6860443370078826,0.0,zonia,0,False
2025-06-18 03:22:47.793170443+00:00,14,6,0,0,14.63803058509312,1.712752935244664,0.0,zonia,0,False
2025-06-18 03:31:19.408289443+00:00,14,6,0,0,14.708504002126897,1.7255125901515986,0.0,zonia,0,False
2025-06-18 04:14:47.991145443+00:00,14,6,0,0,15.109424666819622,1.7263429775778842,0.0,zonia,0,False
2025-06-18 04:41:30.849518443+00:00,14,6,0,0,16.381520331612982,1.7179963277155235,0.0,zonia,0,False
2025-06-18 04:59:45.951149443+00:00,14,6,0,0,17.2508827182378,1.7173988959791204,0.0,zonia,0,False
2025-06-18 05:09:17.356174443+00:00,14,6,0,0,18.42260845726848,1.700684613309158,0.0,zonia,0,False
2025-06-18 05:39:26.097484443+00:00,14,6,0,0,19.273552581850296,1.6964605272594315,0.0,zonia,0,False
2025-06-18 05:39:46.879788443+00:00,14,6,0,0,19.44315541986352,1.6887873306631274,0.0,zonia,0,False
2025-06-18 05:49:06.577364443+00:00,14,6,0,0,19.844200872532767,1.6601631113455582,0.0,zonia,0,False
2025-06-18 05:55:28.419563443+00:00,14,6,0,0,20.177289167429528,1.6536478168406337,0.0,zonia,0,False
2025-06-18 06:08:20.335323443+00:00,14,6,0,0,20.313649656323005,1.655472047120124,0.0,zonia,0,False
2025-06-18 06:24:34.936122443+00:00,14,6,0,0,21.761464126966253,1.6396967125732105,0.0,zonia,0,False
2025-06-18 06:37:01.419369443+00:00,14,6,0,0,21.990253441604974,1.6381484054141806,0.0,zonia,0,False
2025-06-18 06:40:58.428021443+00:00,14,6,0,0,22.26406054979953,1.6191429273830602,0.0,zonia,0,False
2025-06-18 06:48:16.017196443+00:00,14,6,0,0,23.21490954196799,1.6225559481023701,0.0,zonia,0,False
2025-06-18 06:52:08.636397443+00:00,14,6,0,0,22.797224583005892,1.6241375549028583,0.0,zonia,0,False
2025-06-18 07:43:46.016248443+00:00,14,6,0,0,24.29831061064915,1.6125340448439518,0.0,zonia,0,False
2025-06-18 07:52:25.495743443+00:00,14,6,0,0,24.185575320242656,1.6097961269427494,0.0,zonia,0,False
2025-06-18 08:22:25.062649443+00:00,14,6,0,0,24.924217081457268,1.6092217707871512,0.0,zonia,0,False
2025-06-18 08:24:17.998333443+00:00,14,6,0,0,25.045497549937956,1.6104793414240592,0.0,zonia,0,False
2025-06-18 08:38:46.436913443+00:00,14,6,0,0,25.597972762430707,1.6157704406023379,0.0,zonia,0,False
2025-06-18 08:42:16.054922443+00:00,14,6,0,0,25.883333978198532,1.6147548321957348,0.0,zonia,0,False
2025-06-18 08:46:31.099712443+00:00,14,6,0,0,25.950002583229466,1.6148128926500012,0.0,zonia,0,False
2025-06-18 09:15:29.339597443+00:00,14,6,0,0,26.82475647446163,1.6182649724256597,0.0,zonia,0,False
2025-06-18 09:22:48.558597443+00:00,14,6,0,0,26.82256360960705,1.6269591401340668,0.0,zonia,0,False
2025-06-18 09:29:38.644918443+00:00,14,6,0,0,26.703283442704514,1.650123686923891,0.0,zonia,0,False
2025-06-18 09:41:53.111869443+00:00,14,6,0,0,27.393546741728308,1.6578071176065432,0.0,zonia,0,False
2025-06-18 09:59:56.266256443+00:00,14,6,0,0,27.63751840482216,1.6843654338017853,0.0,zonia,0,False
2025-06-18 10:16:35.539582443+00:00,14,6,0,0,27.962030351856605,1.7025748989780716,0.0,zonia,0,False
2025-06-18 10:17:12.943333443+00:00,14,6,0,0,27.619001507036206,1.7041933580674986,0.0,zonia,0,False
2025-06-18 10:20:11.351582443+00:00,14,6,0,0,27.989131221824824,1.7165130458477085,0.0,zonia,0,False
2025-06-18 11:01:48.764014443+00:00,14,6,0,0,28.61257873493597,1.7174405015229837,0.0,zonia,0,False
2025-06-18 11:03:57.130932443+00:00,14,6,0,0,28.504800414638794,1.7157925923452049,0.0,zonia,0,False
2025-06-18 11:29:52.749733443+00:00,14,6,0,0,28.978288275431158,1.7193954798556432,0.0,zonia,0,False
2025-06-18 11:31:06.574114443+00:00,14,6,0,0,29.212073108124034,1.7212652585612482,0.0,zonia,0,False
2025-06-18 11:48:15.025835443+00:00,14,6,0,0,28.97520828972532,1.7202477067965067,0.0,zonia,0,False
2025-06-18 11:48:51.769180443+00:00,14,6,0,0,29.39273460934282,1.7210844954714886,0.0,zonia,0,False
2025-06-18 11:56:06.287824443+00:00,14,6,0,0,29.068895660398837,1.7110006879229016,0.0,zonia,0,False
2025-06-18 12:35:44.460292443+00:00,14,6,0,0,29.982189909071874,1.7108452669918053,0.0,zonia,0,False
2025-06-18 12:59:58.899620443+00:00,14,6,0,0,30.06974414836416,1.7173353799797553,0.0,zonia,0,False
2025-06-18 13:03:56.977027443+00:00,14,6,0,0,29.69754106521915,1.722627463249711,0.0,zonia,0,False
2025-06-18 13:31:26.991798443+00:00,14,6,0,0,30.18484686215761,1.655216908077224,0.0,zonia,0,False
2025-06-18 13:33:16.150925443+00:00,14,6,0,0,30.16043028796183,1.628676181690413,0.0,zonia,0,False
2025-06-18 14:01:30.604542443+00:00,14,6,0,0,30.591557089042592,1.620517445399436,0.0,zonia,0,False
2025-06-18 14:11:38.339312443+00:00,14,6,0,0,30.175292596276165,1.597781808015605,0.0,zonia,0,False
2025-06-18 14:16:24.082318443+00:00,14,6,0,0,30.751491033812275,1.5961246932925088,0.0,zonia,0,False
2025-06-18 14:18:21.558560443+00:00,14,6,0,0,30.968688662555497,1.5994872875382937,0.0,zonia,0,False
2025-06-18 14:25:28.580599443+00:00,14,6,0,0,31.04034568282368,1.5854753505945844,0.0,zonia,0,False
2025-06-18 14:43:43.283456443+00:00,14,6,0,0,30.910493821176008,1.576859541136883,0.0,zonia,0,False
2025-06-18 14:58:01.789600443+00:00,14,6,0,0,30.867160837354998,1.5824546068088994,0.0,zonia,0,False
2025-06-18 15:13:20.930659443+00:00,14,6,0,0,31.137780804208262,1.5817798621627193,0.0,zonia,0,False
2025-06-18 15:26:53.437981443+00:00,14,6,0,0,31.04255460949513,1.5702286820436908,0.0,zonia,0,False
2025-06-18 15:27:10.622292443+00:00,14,6,0,0,30.81052978066263,1.5729328033132004,0.0,zonia,0,False
2025-06-18 15:29:36.382746443+00:00,14,6,0,0,30.702767357987238,1.5701166871242433,0.0,zonia,0,False
2025-06-18 15:29:47.087001443+00:00,14,6,0,0,30.88890511956688,1.5696869735668657,0.0,zonia,0,False
2025-06-18 15:29:55.646027443+00:00,14,6,0,0,31.10386413443773,1.5606778261836627,0.0,zonia,0,False
2025-06-18 15:42:36.871007443+00:00,14,6,0,0,30.975866376724582,1.5552760260608742,0.0,zonia,0,False
2025-06-18 15:47:17.933050443+00:00,14,6,0,0,30.212183658268824,1.5566705347200567,0.0,zonia,0,False
2025-06-18 15:58:07.082304443+00:00,14,6,0,0,30.43937618120105,1.5490041523205997,0.0,zonia,0,False
2025-06-18 16:20:04.290196443+00:00,14,6,0,0,30.186878161149195,1.5463411792257031,0.0,zonia,0,False
2025-06-18 16:27:26.565359443+00:00,14,6,0,0,29.785472922384884,1.547461149329879,0.0,zonia,0,False
2025-06-18 16:39:29.096290443+00:00,14,6,0,0,29.91105054105931,1.5615309648548212,0.0,zonia,0,False
2025-06-18 16:43:26.207029443+00:00,14,6,0,0,30.085776420599345,1.553145993595669,0.0,zonia,0,False
2025-06-18 17:17:14.156968443+00:00,14,6,0,0,30.092562123354416,1.5722566650141516,0.0,zonia,0,False
2025-06-18 17:36:26.455377443+00:00,14,6,0,0,29.533096747455275,1.5615352263856164,0.0,zonia,0,False
2025-06-18 18:51:37.777651443+00:00,14,6,0,0,25.84299070408404,1.565895580172422,0.0,zonia,0,False
2025-06-18 19:01:02.259853443+00:00,14,6,0,0,25.04640760308041,1.5728390074004521,0.0,zonia,0,False
2025-06-18 19:03:26.143422443+00:00,14,6,0,0,25.00672859237286,1.5791139675789518,0.0,zonia,0,False
2025-06-18 19:49:01.625070443+00:00,14,6,0,0,22.548132744139288,1.6396294134922185,0.0,zonia,0,False
2025-06-18 20:00:20.165103443+00:00,14,6,0,0,22.69580572210527,1.660848401122524,0.0,zonia,0,False
2025-06-18 20:04:34.120619443+00:00,14,6,0,0,22.437230843978533,1.6626276699339857,0.0,zonia,0,False
2025-06-18 20:07:18.037825443+00:00,14,6,0,0,22.310938513666443,1.6655862831482127,0.0,zonia,0,False
2025-06-18 20:10:07.224381443+00:00,14,6,0,0,22.064892098856326,1.6763415900231888,0.0,zonia,0,False
2025-06-18 20:34:00.137440443+00:00,14,6,0,0,21.334759839831317,1.6711001990761436,0.0,zonia,0,False
2025-06-18 20:58:13.378050443+00:00,14,6,0,0,21.263848631839583,1.6698911693260712,0.0,zonia,0,False
2025-06-18 21:24:43.567032443+00:00,14,6,0,0,19.74715880219171,1.6852848343877747,0.0,zonia,0,False
2025-06-18 21:45:31.270535443+00:00,14,6,0,0,19.91487631602664,1.6870250121529027,0.0,zonia,0,False
2025-06-18 21:52:27.094223443+00:00,14,6,0,0,20.267283347855667,1.6945918468118892,0.0,zonia,0,False
2025-06-18 22:14:31.040820443+00:00,14,6,0,0,19.28924461371206,1.6975047326306267,0.0,zonia,0,False
2025-06-18 22:18:22.794723443+00:00,14,6,0,0,18.834134577081443,1.7033836427955003,0.0,zonia,0,False
2025-06-18 22:27:21.337960443+00:00,14,6,0,0,18.697586282554685,1.7051640701906223,0.0,zonia,0,False
2025-06-18 22:29:47.973768443+00:00,14,6,0,0,19.215845167089416,1.707535165523392,0.0,zonia,0,False
2025-06-18 23:03:51.179827443+00:00,14,6,0,0,18.81669650129708,1.7121137109225355,0.0,zonia,0,False
2025-06-18 23:10:37.532564443+00:00,14,6,0,0,18.524348615075223,1.715260393450168,0.0,zonia,0,False
2025-06-18 23:12:42.039115443+00:00,14,6,0,0,18.715304033374597,1.7134595792243947,0.0,zonia,0,False
2025-06-18 23:26:07.175564443+00:00,14,6,0,0,18.594621362605277,1.717476632683481,0.0,zonia,0,False
2025-06-18 23:47:02.097580443+00:00,14,6,0,0,18.398495729067953,1.7192730540187002,0.0,zonia,0,False
2025-06-18 23:53:57.401515443+00:00,14,6,0,0,18.042139222963726,1.7202046153946582,0.0,zonia,0,False
2025-06-19 00:48:45.936783443+00:00,14,6,0,0,17.83591397155065,1.7250246104351878,0.0,zonia,0,False
2025-06-19 00:51:10.039355443+00:00,14,6,0,0,17.72715967143226,1.7270332701080082,0.0,zonia,0,False
2025-06-19 00:53:16.860843443+00:00,14,6,0,0,17.741993676000764,1.729549269210315,0.0,zonia,0,False
2025-06-19 01:19:02.131172443+00:00,14,6,0,0,17.50067890338427,1.73165510968192,0.0,zonia,0,False
2025-06-19 01:20:53.649833443+00:00,14,6,0,0,17.413698461751846,1.7333162634262724,0.0,zonia,0,False
2025-06-19 01:26:49.218436443+00:00,14,6,0,0,17.373863471964917,1.7358256166817876,0.0,zonia,0,False
2025-06-19 01:34:25.982907443+00:00,14,6,0,0,17.327851695388738,1.7332075109439842,0.0,zonia,0,False
2025-06-19 01:35:25.013592443+00:00,14,6,0,0,17.47719473100681,1.7341359247791888,0.0,zonia,0,False
2025-06-19 01:40:42.189194443+00:00,14,6,0,0,17.2550358956165,1.7339774392891094,0.0,zonia,0,False
2025-06-19 02:05:58.509126443+00:00,14,6,0,0,16.837371325136495,1.7302105466192614,0.0,zonia,0,False
2025-06-19 02:12:14.070340443+00:00,14,6,0,0,16.900708384070843,1.7192469064023266,0.0,zonia,0,False
2025-06-19 02:16:17.551847443+00:00,14,6,0,0,17.072969949863936,1.7158752254645044,0.0,zonia,0,False
2025-06-19 02:58:03.244168443+00:00,14,6,0,0,16.62515234856238,1.7143458642774418,0.0,zonia,0,False
2025-06-19 03:08:45.309816443+00:00,14,6,0,0,16.529845764342916,1.7174628177738724,0.0,zonia,0,False
2025-06-19 03:10:21.539668443+00:00,14,6,0,0,16.78584416950083,1.7227318381609111,0.0,zonia,0,False
2025-06-19 03:45:01.586955443+00:00,14,6,0,0,16.917650638423993,1.7270573834042864,0.0,zonia,0,False
2025-06-19 03:45:35.367093443+00:00,14,6,0,0,16.882393536850156,1.7279150900859794,0.0,zonia,0,False
2025-06-19 03:49:26.017517443+00:00,14,6,0,0,16.8169522721262,1.7274558467579149,0.0,zonia,0,False
2025-06-19 04:16:57.974614443+00:00,14,6,0,0,17.346180593348894,1.725625432600047,0.0,zonia,0,False
2025-06-19 05:01:23.578678443+00:00,14,6,0,0,20.578937839070772,1.7292950288078994,0.0,zonia,0,False
2025-06-19 05:31:52.467471443+00:00,14,6,0,0,21.779516621942044,1.7296705172970213,0.0,zonia,0,False
2025-06-19 05:39:01.614770443+00:00,14,6,0,0,21.81492282458091,1.6915006865840874,0.0,zonia,0,False
2025-06-19 05:49:16.185228443+00:00,14,6,0,0,22.749820485353844,1.6914849323900567,0.0,zonia,0,False
2025-06-19 05:55:56.507154443+00:00,14,6,0,0,22.92547415303515,1.668962102710791,0.0,zonia,0,False
2025-06-19 06:02:31.729954443+00:00,14,6,0,0,23.404181967585153,1.6527170237101332,0.0,zonia,0,False
2025-06-19 06:04:51.031849443+00:00,14,6,0,0,23.968692979339036,1.5836029626343993,0.0,zonia,0,False
2025-06-19 06:08:07.438700443+00:00,14,6,0,0,23.509855642297243,1.5669860282785388,0.0,zonia,0,False
2025-06-19 06:56:12.797638443+00:00,14,6,0,0,25.840738995141084,1.5700742783351986,0.0,zonia,0,False
2025-06-19 07:01:23.587203443+00:00,14,6,0,0,26.3965879064012,1.5946573910132082,0.0,zonia,0,False
2025-06-19 07:03:54.416054443+00:00,14,6,0,0,26.35352503532102,1.6192139961409773,0.0,zonia,0,False
2025-06-19 07:38:25.220789443+00:00,14,6,0,0,28.13873114316414,1.6198393223146628,0.0,zonia,0,False
2025-06-19 08:21:23.958123443+00:00,14,6,0,0,29.33096521378975,1.6189252770965754,0.0,zonia,0,False
2025-06-19 08:49:30.356043443+00:00,14,6,0,0,29.907160066293745,1.6364315785054648,0.0,zonia,0,False
